ID	Name	Coordinates of cluster	Strain	Coordinates of module	Domain name	Large prediction	Small prediction	Single aa prediction	E-value	Score	Sequence
BGC0000413	NZ_LIRD01000001	[1065614:1078598](+)	-	[1067615:1070720]	nrpspksdomains_ctg1_967_AMP-binding.1	['asp', 'asn', 'glu', 'gln', 'aad']	['glu', 'gln']	glu	1.00E-23	75.1	NEQLRQTPERTALVWDGGQLDFAELHAQANRLAHYLRDKGVGPDVCVAIAAERSPQLLIGLLAIIKAGGAYVPLDPDYPAERLAYMLSDSGVELLLTQTELLDRLPAADGVSVIAMDALHLENWPSQAPGLHLHGDNLAYVIYTSGSTGQPKGVGNTHAALAERLQWMQNTYRLNDTDVLMQKAPISFDVSVWECFWPLITGARLLIAGPGEHRDPHRIAQLVQQYGVTTLHFVPPLLALFIEEPLTTECTSLRRVFSGGEALSAELRNRVLEQLPAVQLHNRYGPTETAINVTHWHCTTADGERSPIGRPLGNVICRVLDSDLNPVPAGVPGELCISGIGLARGYLGRPSLTAERFVVDPLGEQGARLYRTGDRARWTADGVIEYLGRLDQQVKLRG
BGC0000413	NZ_LIRD01000001	[1065614:1078598](+)	-	[1067615:1070720]	nrpspksdomains_ctg1_967_Condensation_LCL.1	['asp', 'asn', 'glu', 'gln', 'aad']	['glu', 'gln']	glu	1.00E-23	75.1	EAMPQSLAQNRLWITWQLDPQSSAYNIPGALRLRGELDEDALRASFQQLIERHESLRTRFFERDGVALQRVDAASEFNLQLIDISDLPVDKRELRAQQIREDEARTQFDLEKGPLLWVTLVRLDDEDHQLLVTMHHIIADGWSLNVLIDEFSRLYAAASQGQQATLAALPTQYADYGSWQRQWLAQGEGERQLAYWKNQLGDEHPVLSLATDHPRSAQHIHSAARHSVRLGVSLSEAIRQTAQAHETTPFMLLLTAFQSLLHRYSGQRDIRIGVPNANRPRLETQGLIGFFINTQVLRAEVDS
BGC0000413	NZ_LIRD01000001	[1065614:1078598](+)	-	[1067615:1070720]	nrpspksdomains_ctg1_967_PCP.2	['asp', 'asn', 'glu', 'gln', 'aad']	['glu', 'gln']	glu	1.00E-23	75.1	EQQIAGIWREVLGQKQIGLRDDFFALGGHSLLATQIISRTRQACDVELPLRALFENSELGAFAEQVR
BGC0000413	NZ_LIRD01000001	[1065614:1078598](+)	-	[1070783:1074854]	nrpspksdomains_ctg1_967_AMP-binding.2	['N/A']	['N/A']	N/A	1.60E-158	520.6	FSEQALARKDAPALTFAGETLSYAELDSRANRLAWMLRERGVGPQVRVGLALERSLEMVIGLLAILKAGGAYVPLDPEYPLDRLHYMIEDSGIGLLLSDKAMFNALGELPPSVARWCLEDDAAELANYPASELPFISLPQHQAYLIYTSGSTGKPKGVVVSHGEIAMHCQAVIERFGMRPDDCELHFYSINFDAATERLLVPLLSGAQVVLRAQGQWDAEEICGLIRQHQINILGFTPSYGSQLAQWLATQGETLPVRMIITGGEALTGEHLARIRAAFKPSMFFNAYGPTETVVMPLASLAPDVLEEGLGSVPIGSVIGARVAYILDADLALVPQGATGELYVGGAGLAQGYHERAGMTAERFVADPFADNGGRIYRTGDLVRQRADGLVEYLGRIDHQVKIRG
BGC0000413	NZ_LIRD01000001	[1065614:1078598](+)	-	[1070783:1074854]	nrpspksdomains_ctg1_967_Condensation_LCL.2	['N/A']	['N/A']	N/A	1.60E-158	520.6	QAVPLSYSQQRMWFLWQMEPDSPAYNVGGMARLRGVLDVGRFEAALQALIIRHETLRTTFPSVDGVARQQVHADTGMRMDWKDFSALDTELREQRVQALADSEAHTPFNLETGPLLRACLVKTAEQEHYLVLTLHHIVTEGWAMDIFARELSALYEAFVDDRESPLEPLPVQYLDYSVWQRQWLESGERQRQLDYWTAQLGREHPLLELPADRPRPPVQSHQGELFRFDLSDDLAARVRAFNAQNGLTLFMTMTAALAVLLYRYSGQTDLRIGAPVANRIRPESEGLIGAFLNTQVLRCQLDG
BGC0000413	NZ_LIRD01000001	[1065614:1078598](+)	-	[1070783:1074854]	nrpspksdomains_ctg1_967_PCP.3	['N/A']	['N/A']	N/A	1.60E-158	520.6	ELTLAGIWCEVLNVAQVGLNDNFFELGGDSILSIQVVSRARQQGIHFSPRDLFQHQTVQTLAAVATRTE
BGC0000413	NZ_LIRD01000001	[1065614:1078598](+)	-	[1070783:1074854]	nrpspksdomains_ctg1_967_Epimerization.1	['N/A']	['N/A']	N/A	1.60E-158	520.6	GKSGLTPIQHWFFDTDIPERQHWNQALLLEPTVALEPHRLEQALLAVIEQHDALRLRFTQVDAQWHAAHQALNDTPVLWQVRVASMDKCSALFADAQRSLDLEQGPLLRALLVDGPEGQQRLFIAIHHLVVDGVSWRVLLDDLQTVYRQLDAQQSVKLPAKTSAFKDWAERLQAYAGSESLREELDWWQSQLAGPSVELPCDRPQGGQQNRHAQTVSVRLDAERTRQLLQQAPAAYRTQVNDLLLTALAQVMCRWSGHESALIQLEGHGRETLFDEIDLTRTVGWFTSAYPLRLI
BGC0000413	NZ_LIRD01000001	[1065614:1078598](+)	-	[1075355:1078520]	nrpspksdomains_ctg1_967_AMP-binding.3	['asp', 'asn', 'glu', 'gln', 'aad']	['N/A']	N/A	6.60E-28	88.5	FEAQVAQHPQRIAASCLDRLHSYVELNQRSNRFGHALIAAGVGQDQPVALLAERNLDLLGMIIGSFKAGAGYLPLDPGLPSQRLSRIIDLSRTPLLVCTQACREQALALLDEFGCANRPKLLVWEDVQASDASVQNPGIYSAPDNLAYVIYTSGSTGLPKGVMVEQRGMLNNQLSKVPYLSLSASDVIAQTASQSFDISVWQFLAAPLFGARVDIVPNTIAHDPQGLLAHVQSQGITVLESVPSLIQGMLAQDRISLDGLRWMLPTGEAMPPELAHQWLLRYPEIGLVNAYGPAECSDDVAFFRVDMASTRGSYLPIGTPTDNNRLYLLDGALELVPLGAVGELCVAGTGVGRGYVSDPLRTAQVFVPNPFGEPGDRLYRTGDLARRRNDGVLEYVGRIDHQVKIRG
BGC0000413	NZ_LIRD01000001	[1065614:1078598](+)	-	[1075355:1078520]	nrpspksdomains_ctg1_967_Condensation_DCL.1	['asp', 'asn', 'glu', 'gln', 'aad']	['N/A']	N/A	6.60E-28	88.5	EDVYPLTPMQEGMLLHTLLEPGTGLYYMQDRYRINSELDPERFAQAWQAVIARHEALRASFCWNVGEDMLQVIHKPGSTPIEYLDWTAVAETEQEPKLQTLLKSEREAGFDLLNQAPFHLRLIKVGAARYWFMMSNHHILIDAWCRSLLMNDFFEIYMALGEGRDAQLAVPPRYRDYIGWLQRQSLAEARQWWKTNLQGFERTTPIPSDRPFLREHAGDSGGMIVGDRYTRLDARDGAQLRELAQAHQLTINTFAQAAWALVLRRLSGDRDVLFGVTVAGRPVEMPEMQRTVGLFINSIALRVKMP
BGC0000413	NZ_LIRD01000001	[1065614:1078598](+)	-	[1075355:1078520]	nrpspksdomains_ctg1_967_PCP.4	['asp', 'asn', 'glu', 'gln', 'aad']	['N/A']	N/A	6.60E-28	88.5	EQTLADIWAEVLKVEKVGIRDNFFELGGHSLLATQIASRVQKSLQRDVPLRAMFECSTVEELAEYIDG
BGC0001095	NZ_LIRD01000002	[23480:25178](+)	-	[23567:24866]	nrpspksdomains_ctg3_24_AMP-binding.1	['N/A']	['N/A']	N/A	1.20E-98	322.2	FDHTVALYPDGEALVVRHQQLRYTWQQLADTVDLHARALLALGLQTGDRLGIWAPNCAQWCISQFASAKIGVILVNINPAYRSSELEYVLKQSGCQWLVCAGAFKTSDYHAMLQGLVPELAEQSIGQLQSERLPDLRGVISLDAQPPSGFLPWSQLADLANSVSVEQLNERQNSLHFDQPVNIQYTSGTTGFPKGATLSHYNILNNGYMVGESLGLSADDRLVIPVPLYHCFGMVMGNLGCITHGSTMIYPNDAFDPLLTLTTVAEEKATALYGVPTMFIAMLDQPQRADFDLSTLRTGIMAGATCPIEVMRRVISEMHMNEVQIAYGMTETSPVSLQTGPSDELELRVTTVGRTQPQLESKIIDEAGNLVPRGTIGELCTRGYSVMLGYWNNPQGTAEAIDQAGWMHTGDLASMNDEGYVCIAGRNKDMIIRG
BGC0000464	NZ_LIRD01000002	[702809:712511](+)	+	[703625:705362]	nrpspksdomains_ctg3_662_AMP-binding.1	['orn', 'lys', 'arg']	['arg']	arg	8.00E-27	85.1	FEAQVLRNPDAIAARLNDEALSYGELNTRANRLAHHLRSLGVGPDVRVGLCLERSLDMLVGVLAVLKAGGAYVPLDPTYPSARLVHMLADSAPVVVLTHGPSAAALEHSTVLDITDTRPWASQSPNNPDPLAIGLTPRHLAYVIYTSGSTGTPKGVMVEHRGLIAVSAAWEKLYALGEPLNHLQMAGFSFDVFSADLIRALGFGGTLVLCPRETLMDPPALYRLLSGARIGFADFVPAVLNPLLAWVEESAHDLSFMHTVVCGSDIWTAHSARQLRRLCGDHVQIVQAYGVTEASIDSTCFEFNTDSVADGVLPIGRALANTRIYLLDALGAPVPVGVAGELHIGGVGVARGYLNLPQLSAERFIDSPFVSGERLYRSGDLARYRADGNLEFLGRNDFQAKLRG
BGC0000464	NZ_LIRD01000002	[702809:712511](+)	+	[703625:705362]	nrpspksdomains_ctg3_662_PCP.1	['orn', 'lys', 'arg']	['arg']	arg	8.00E-27	85.1	EIALANIWAEVLGVERVGRQDQFFALGGHSLLVMRVLAQVRQQLGLEVAPSALFAAPVLEQFAERLKL
BGC0000464	NZ_LIRD01000002	[702809:712511](+)	+	[705416:708521]	nrpspksdomains_ctg3_662_AMP-binding.2	['pro', 'pip']	['pro']	pro	2.50E-28	89.9	FEAIARQTPQAVALLANDRQLSYGALNQAANRLAHYLIEQGVRPEHRVGLCLERSPEMVIGLLAILKAGAAYVPFDPAYPSERLAFMFSDAAPTLLLTQSALRDALPTDTNACCLDTDAQRWAHCPDTDPRVAVSPDNLGYVLYTSGSTGRPKGVAHNRRALDNLIAWQLDQAQAPGRVLQFASLNFDVSFQEICSTLCSGGSLLLMTEDSRKDLAALRPTLVAEGVQRAFLPFAVLQQLAGLTEADAPMPAGGCEIVTAGEALQINDELRDFVRGLGGAQLHNQYGPTETHVVSQFSLSCSDAEHWPDAPPIGRPIANARLYVLDVDMNPVPVGVAGELYIAGACLARGYLNRPDLTAERFVPDPFSAKPGARMYRSGDLAKFQADGNVQYLGRIDQQVKLRG
BGC0000464	NZ_LIRD01000002	[702809:712511](+)	+	[705416:708521]	nrpspksdomains_ctg3_662_Condensation_LCL.1	['pro', 'pip']	['pro']	pro	2.50E-28	89.9	QTLSSAQQRLWFLAQMQGGNAAYHMPLNLRLRGPLQIAALERAFNQLVARHEALRTTFIAVEGEGRQLVASLWQFIKLSVVDLQGQPEALLTQLIDEEGAKPFDLSRGPLMRVSLVRLAEDEHVLLLTQHHIISDGWSMGVLTRELGLLYEAAIQDRDNPLPPLPVQYVDYAVWQRQWLTGEVLAEQSRYWRDTLSGAPVLLELPADHKRPPVQDYLGGFVPLVFDPTLTAQLKTLCMQQGTTLFMTLLAAWSLVLSRLSGQTDVVIGVPAANRTQQELEGLIGFFVNTLALRMTR
BGC0000464	NZ_LIRD01000002	[702809:712511](+)	+	[705416:708521]	nrpspksdomains_ctg3_662_PCP.2	['pro', 'pip']	['pro']	pro	2.50E-28	89.9	EQRMADIWAEVLKCERVGIHDNFFELGGHSLLATRMIYAINQRMGAQLSLSSLFKTPVLMDLAAQVQAG
BGC0000464	NZ_LIRD01000002	[702809:712511](+)	+	[708584:711680]	nrpspksdomains_ctg3_662_AMP-binding.3	['cys']	['cys']	cys	4.20E-08	25.4	FERQALTTPDAVAVIAAQRQLTYGQLRTEARSLGALLQAEGVMPNRLVAVMMERGWEQVVATLAILYAGGAYLPIDPTLPAERVRHILERAEVSLVLTQPALLGVIEWPVQVSAIAVTDDVMVEHAPLQPVNVAPTDLAYVIYTSGSTGLPKGVVIDHRGAVNTLLDINRRFAVGPADCVLAISSLSFDLSVYDFFGTLAVGAAVVVLEPQLALDPAHWRDLIERHQVSLWNSVPALLGMLLEYFEGEGGTLPASLRVAMLSGDWIPLTLPQRLWALQPTAQLFSLGGATEASIWSICYPVQHVDPAWRSIPYGKALDHQRFYVLDEALQIRPTWVAGQLYIGGIGLAQGYWRDEKLSAGSFFPHPLTRERLYRTGDLGRLLPDGNIEFLGREDNQVKVQ
BGC0000464	NZ_LIRD01000002	[702809:712511](+)	+	[708584:711680]	nrpspksdomains_ctg3_662_Heterocyclization.1	['cys']	['cys']	cys	4.20E-08	25.4	RHEPFPLTDIQQAYWFGREATVSLGGVSAHGYEELRIPDFDAARFEQALNRMIQRHDMLRVVFLSDGTQQVLEQVPTYCMPRSDLRGVPADVAQQTLQATRERQSHQVLDASRWPLFEFSLSLLDDGITHLHISLDALIVDAASTQILARELMAFYVDPNLILPEPGLTFRDYVLAEHQLRSGIRYEQALSYWRERVTSLAPAPDLPLVRQPESIANPHFTRRDRDMPAAQWAQLKAVAKQFAVTPSVMLLTAFSEVLALWSRHPRFTLSLPLFNRLPLHPDVDEIIGDFTSLVLLEVSIA
BGC0000464	NZ_LIRD01000002	[702809:712511](+)	+	[708584:711680]	nrpspksdomains_ctg3_662_PP-binding.1	['cys']	['cys']	cys	4.20E-08	25.4	QRLVAIVQGVLKRDAIAGNANLLNLGATSIDIVRISNALSSELRFRPHVAQLLAQPTLLHLIG
BGC0000323	NZ_LIRD01000002	[712507:716722](+)	+	[712708:716689]	nrpspksdomains_ctg3_663_AMP-binding.1	['N/A']	['N/A']	N/A	1.30E-36	118.9	FEAQVARNPQACAVAFEAETLSYGELNAQANRLAQHLRSLGVGPDVRVAVCVERSLELPVALLAVLKAGGAYVPLDPNYPVGRLSHMLSDSTPAVLLTLGPAHAILRQAQQGSTWEAPVLDLKADAALWAGLSPDNPDPRSVGVTPDHLAYVIYTSGTTGMPKGAMVAHRGLSNLLLWCSQVCGETGVMLHKIPFGFDASAWETFWPLATGGRLVVARPGGHLEPGYMAKVVREQRVTALVFVPAMLQLFLEVDEVSLCTELTDVFSGGGELSPALARRFQERLPHARLHNVYGPTETTVINSVWTLEPGAEVPALQVPIGRPIANNRFYVLDERDAPVPVGVTGQLHIGGVGVARGYLGLAQLTAERFIDNPFVPGDRLYRSGDLARYRPDGQLEFLGRNDFQVKLRG
BGC0000323	NZ_LIRD01000002	[712507:716722](+)	+	[712708:716689]	nrpspksdomains_ctg3_663_Condensation_LCL.1	['N/A']	['N/A']	N/A	1.30E-36	118.9	TDWPLSFSQRQLWFLDQLEPGNAFYNVPTAVTLKGPLEVPLLERALNEMIQRHEILRTTFCSVDGEPRQVVHSMDDTSLWRGSLLPLDCAAGPSSGPLRAPAGASSLATGLVLGVTDLRDLPAAEREQQVRMAVDHDARAPFDLATGPLLRAALLRLADDEYLWLYSVHHIVADGWSMGVILHEIATLYGDYLRGEPSSLAPLPVQYADYACWQQQRLGGDALTAQLEYWRRTLTDAPALSTIPADRPRPLVQRYAGATFSSSLDGNTLRELNGLARQTQGTLFNVLMGALAVLLWRHSGQQDLCIGTPFANRSSPEIEPLIGHFVNTLVVRQHLD
BGC0000323	NZ_LIRD01000002	[712507:716722](+)	+	[712708:716689]	nrpspksdomains_ctg3_663_PCP.1	['N/A']	['N/A']	N/A	1.30E-36	118.9	ELTLYQIWKGLLLATQIGIRDNFFNVGGTSIAAIKMAHQIGQAFAVEVPVRVVLGYPTIEALGGWLRAG
BGC0000323	NZ_LIRD01000002	[712507:716722](+)	+	[712708:716689]	nrpspksdomains_ctg3_663_Thioesterase.1	['N/A']	['N/A']	N/A	1.30E-36	118.9	RNVVCIHPAGGTAFCYLSLAKVLPEEVGVYGVQSPGLNPGEATEPTVEAMAEAYLRLIEPLITQPLVLTGLSFGGLVAYEMARRLTAAGHREVTVVLLDTQGSDDPGFRQQIGTVDMAEFRDKLVRFNGMYPGIEDAQVERYFHLYNHNRLAMAGYECAPRAGRVVLIQAREGFSRQQLHELRGFWRRRAGEGFLAKLVNGGHWDMLETAEVHRVSQTLKQEL
BGC0001760	NZ_LIRD01000002	[716718:725811](+)	-	[716754:718464]	nrpspksdomains_ctg3_664_AMP-binding.1	['gly', 'ala', 'val', 'leu', 'ile', 'abu', 'iva']	['val', 'leu', 'ile', 'abu', 'iva']	val	5.10E-10	31.2	FAGQVRRDPQALAVIDQQVRLTYSELASASERIARGLQARGVQPGQSVALCMPRCWQWLAAILGALKVGAVVVPLDRASPLKRRDLMLADAGCVGLITLDEEWTPATALWQANVEALLDHPDHPPQPLADTFAEVSFLFYTSGTTGTPKAVEVGERGLLRLTQTEGYIEIRPKDRFACLSNPAFDACSFELWAPLLNGGCCVIIADHDLLDAQRLARVLEEQRVDNLFMTVSLFNTLSAECPACFASLRQVLIGGEQISAAAVRAWYRANPGSQCQIFNVYGPTECTTFALCYPIARDFSGPLVPIGRPLPDTGVQVLDEQQRPVAVGEVGELYLSGSGVARGYRNRAEDTSRNFVRLANLDGGAHVHYRTGDRVRVNAEGLVEYIGRVDRQVKVRG
BGC0001760	NZ_LIRD01000002	[716718:725811](+)	-	[716754:718464]	nrpspksdomains_ctg3_664_PCP.1	['gly', 'ala', 'val', 'leu', 'ile', 'abu', 'iva']	['val', 'leu', 'ile', 'abu', 'iva']	val	5.10E-10	31.2	SLLGQPALNAHDDWLGSGGDSLKAMRLRSAIRTHWQREIAIATLLSEPFAALAEHLI
BGC0001760	NZ_LIRD01000002	[716718:725811](+)	-	[718521:721599]	nrpspksdomains_ctg3_664_AMP-binding.2	['pro', 'pip']	['pro']	pro	2.20E-13	42.4	FEHQLLCTPDATALVAGQQRLSYAELNGLADTLTAILIERYPLPTQDNTPLHVVMFLEASVEHIVALLALAKLNLTAVPLDPGYPLAVQRQVLEQANPHCLLFSTATEAALENLDAKRCARHRVDLSAEAQAFERPRHAGERALYTLFTSGSTGTPKGVQVPDRTLCNLLQWQRAEGQLPAKSVTLQFSMLSFDVSFQEIFGTLCGGGTYHLITPRWRQDAQALLAYLVEARIERLFLPCVALQHLAQTAVAQGVYPPTLREVVTAGEQLLCTDALKTWFGGLPLATLFNHYGPTETHVVSAYRLPATVRDWPLRAPIGHAVSNARLLLVDEHDRPVPNGSRGYLLVAGPMISRCYLADPALNTARFIELPQAEGDTRLFYRTGDLAWADPEGCLHYLGRDDQQIKLSG
BGC0001760	NZ_LIRD01000002	[716718:725811](+)	-	[718521:721599]	nrpspksdomains_ctg3_664_Condensation_LCL.1	['pro', 'pip']	['pro']	pro	2.20E-13	42.4	RLPATAEQRRLWLMQQRTPTSTAYNVPLILHLAAGVDVSALAYAVGQLAARHPGLRTAFVTGADGLDQVIAEQGPVCRTFEPGHFTEDTWQAFAALVFGTPFDLATPTLFQAWLLPFADGSCRLLLNLHHIIVDGWSMNLLFDDLTQLYEDAVRGRVSPEPTPQLTTLEFGLWQGQWSVDPHYRDQRRALAQLHRQQEAPSPTLMPMRAVGPEARLYRAPLGNLRSAALERFCSQQRLTRFEVLFSVFAWSLYALTGSERPRIASPVSNRPLAEFEQTLGMFANTVLIPTTVD
BGC0001760	NZ_LIRD01000002	[716718:725811](+)	-	[718521:721599]	nrpspksdomains_ctg3_664_PP-binding.1	['pro', 'pip']	['pro']	pro	2.20E-13	42.4	QQLSELFSAVIGRDIEPDQTFFEAGATSLGLMRLHARYNQELPHNVAMADLFEQVTVRRLAAHLS
BGC0001149	NZ_LIRD01000002	[755768:763007](-)	+	[755849:759770]	nrpspksdomains_ctg3_693_AMP-binding.2	['pro', 'pip']	['pro']	pro	1.10E-47	154.4	ARYDEQVAVSFAQTSLSYRQLADRSAQLASWLHRRGIGPGDRVAIMMPRSPELIIALLGVIQAGAAYVPIDMSYPQDRIRLILDDSQPRLVLSGDGSTNLVATLGSQVERRHWEGVVAEFDDNLARCHQRVASIAAGICGDDNAYLLYTSGSTGRPKGVAMPHHALGNMIRWQTRQQDATNAPLKTLQYSPISFDVSFQEILSTLSSGAELVMIDEALRYDFIRLLKFIGAQEINRLFLPYVAFQGLAEVAMQLGIRPASLRQINVAGEQLKITAEIRHLIDSLDDCRVENHYGPTEAHVVTSLRLEGASADWPNMPPIGVPIDGVRMHVLDAAGNACPVGVSGDLFIEGLCLANGYWNQPDLTAERFVYRELEGENRRLYETGDVGFYLPWGDLIYQGRSDAQVKIRG
BGC0001149	NZ_LIRD01000002	[755768:763007](-)	+	[755849:759770]	nrpspksdomains_ctg3_693_Condensation_DCL.1	['pro', 'pip']	['pro']	pro	1.10E-47	154.4	DVFAASQLQVGMIYHSMMHPDSAIYHDIFRYRLRLKWDPVAWDRACRALIQRHPALRMSFDVGHTEAPMARVHSVVESPVQLIVSPSPADREQAVATYIEERKRHREDWHQAPLYQFGVAVGTDEIDLVFSFHHAILDGWSVATLMRDLITLYTSETPLPALSTTPADFVVLEQAAMASEVHRQFWRDYLHDAPAASMTSWTHAVAPDPTPHRSAYREMPAADVARLEAFCRDQDLPLRAVLLAAHGFAQAIVSNQQEVLCGVISHGRPEFEDSAQVLGLFLNSLPIRFSTQ
BGC0001149	NZ_LIRD01000002	[755768:763007](-)	+	[755849:759770]	nrpspksdomains_ctg3_693_PCP.2	['pro', 'pip']	['pro']	pro	1.10E-47	154.4	EDLLQAYWQETLELEEISVHDNFFELGGNSLKAVRLIAMLARHQGCEPSLSDFIQAPTIAEFAQVLQQSE
BGC0001149	NZ_LIRD01000002	[755768:763007](-)	+	[755849:759770]	nrpspksdomains_ctg3_693_Thioesterase.1	['pro', 'pip']	['pro']	pro	1.10E-47	154.4	TLFLVHPIGGHVLCYAALARVLKDRVQLYALQAPGTWDSRAPLQSVQAQAVHYADAIEQVAPTGPLNIGGWSYGGVVAYELASELKRRGRRLHNVFLLDTIVRISQGEVQIERSEFMNWFMWELLSGDGQKDYAYQALDFSSMSDPQAFEAIKQHGIAQGIFDASITLATLDQLYRVFHANWQSLLDYRFPPLDLPLTLFAADVELPDVLQAPHELVGTAFRDPYRGWRTVAPHVERIAIEGDHLTMMREPHIQ
BGC0001149	NZ_LIRD01000002	[755768:763007](-)	+	[759869:762971]	nrpspksdomains_ctg3_693_AMP-binding.1	['ser', 'thr', 'dhpg', 'hpg']	['ser']	ser	2.80E-84	274.7	EAQVAARPDAIAVRFENQSLTYDALNRQANQLAHALLERGIRPDDRVAICVERSLEMVVGLLGILKAGAAYVPLDPGYPADRLSHMLSDSEPGVLISTRALLDSLPAVTVPVLCLDTDREQLARQPDENPVLGLTPQHLAYVIYTSGSTGLPKGVMNQHDGVVNRLLWARDAYGVDEHSVVLQKTPFSFDVSVWEFFLPLLSGAQLVVAAPGGHQDPGYLMDIMASAGITLLHFVPSMLQVFLDQAEHKRLPALKQVLCSGEALPYALQERFFEQLPNVQLHNLYGPTEAAIDVTAWHCRPGVHNGIVPIGQPIANTQLHVLDGNLQPLPPGIAGELHIGGIGVARGYLNRPELTAERFIRDPFQADPQTRLYKTGDLGRWLPDGSLEYLGRNDFQVKIRG
BGC0001149	NZ_LIRD01000002	[755768:763007](-)	+	[759869:762971]	nrpspksdomains_ctg3_693_Condensation_Starter.1	['ser', 'thr', 'dhpg', 'hpg']	['ser']	ser	2.80E-84	274.7	YPLTAPQLDIWLDQRLHEDSPLYNIGGYARINGAVDATRMQHAIDQVVSRHDALRTQLVPGSVDHPLPRQRFLASVSAAYSLIDVSAQADPEAAALALLEENLQTPFSFDDGPLYRTELLKVREDLYYFFFNCHHLIVDGWSFAMIGKAISEAYSASEPMLPAPSYQAFLEQQGSEKASAAFQRQRHYWLEKYRTLPEPLLAPRTESRVGQGLVPSQNHTWRLPRALYNRLGELTKASGQGSIFHVMLGALYSYFARVAQRDEIVIGLPILNRANAAHKATVGLFVGMSPVRLSL
BGC0001149	NZ_LIRD01000002	[755768:763007](-)	+	[759869:762971]	nrpspksdomains_ctg3_693_PCP.1	['ser', 'thr', 'dhpg', 'hpg']	['ser']	ser	2.80E-84	274.7	EHTLAELWRDNLKRSELGIHDNYFMLGGDSLKVIHLQVKAREQGIALTLAQIYQHPSIAQLAESVEAH
BGC0000437	NZ_LIRD01000002	[767365:780931](-)	-	[767407:769798]	nrpspksdomains_ctg3_699_Condensation_LCL.4	['ser', 'thr', 'dhpg', 'hpg']	['ser']	ser	2.30E-113	369.9	ARLPLSFSQQRLWFLDHLDHAAGAAYHLPLALRLNGVLHTPALRQALDRLVARHETLRTTFELIDGEPVQKIAPADQRFQLLEQDLRELAPEQRDAALARFGDANASELFDLSSGPLVRGYLVQLDDEEHVLFVTLHHIVSDGWSNSVLAHELTVLYTAFAQGLKDPLPALPLQYADYAVWQRQWLNGPALQAQTDFWRAHLDGAPSLLNLPLDRPRPAVQSYAGGIIDCVLPPELSSRLRAFSQAQGSTLFMTLLAGWSTLMTHLSGQDDVVVGTPVANRPRTELEGLIGFFANTLALRVTTE
BGC0000437	NZ_LIRD01000002	[767365:780931](-)	-	[767407:769798]	nrpspksdomains_ctg3_699_PCP.4	['ser', 'thr', 'dhpg', 'hpg']	['ser']	ser	2.30E-113	369.9	ELAIAKIWLELLKLEQVSRHDDFFRLGGISLMAVQMTSRLRKVLGKPIAVRDLFVEPTIAGFARTLDTQS
BGC0000437	NZ_LIRD01000002	[767365:780931](-)	-	[767407:769798]	nrpspksdomains_ctg3_699_Thioesterase.1	['ser', 'thr', 'dhpg', 'hpg']	['ser']	ser	2.30E-113	369.9	RPLFLVHPLGGEVGYARDLAPSLDPEVPVYGLAATGFVAGEVPLRTLPAIAARYLAAIREVQAQGPYRFAGWSAGGLIAYEMANQVIASGEQVEFIGIIDTSAEVGAEEREVLTEAQFLMSWLPEDMDPGLFDQLSPLVANGEIEPMLALCTTHGLLPEELSQGIDAATLRTHLAVAYATRLAVGAYVSPELPVTVSLFTALQQERDDPTLGWRTLQGDRVTIKALRGTHHTLVRAPYVDALG
BGC0000437	NZ_LIRD01000002	[767365:780931](-)	-	[769846:772960]	nrpspksdomains_ctg3_699_AMP-binding.3	['asp', 'asn', 'glu', 'gln', 'aad']	['asp', 'asn']	asp	5.20E-114	372.3	FEAQVRARPQAIALVHEDQQLSYAQLNRRANHLARRLIALGLQPDQRVALCAERSLEMIVGLLGVLKAGGAYVPIDPAHPVERMAFMLSDSTPLAVLTQQALATQLPVGETPLLLLDERESLLAADDPVYDLDPVIPGLTPNHLAYVIYTSGSTGQSKGVMVEHHSVHNFWQVLQRTTHQHCPEYATVALNAGFYFDMSIKGISQLFSGHKLVIIPQQIRGSGNELLDFLEQHQVHAFDSTPSQLDGLLNAGLLERSSYQPVSVLLGGEAINAAMWSKLRDCQSIRFYNMYGPTEATVDATIDLIRDLGEKPSIGRPFANVQVHVLDAHGQPTPLGVAGELHIGGAGVARGYLNRPEMSAERFIADPFSSLPQARLYKTGDLGRWQADGTLEYLGRNDFQVKIRG
BGC0000437	NZ_LIRD01000002	[767365:780931](-)	-	[769846:772960]	nrpspksdomains_ctg3_699_Condensation_Dual.1	['asp', 'asn', 'glu', 'gln', 'aad']	['asp', 'asn']	asp	5.20E-114	372.3	QDIYPLSSLQEGILFHHLLLAEGDAYLMRSVIMFDQRSLLDDFLTAVQVVIDRHDILRSALRWSGLPQPVQIVHRHAPLPVITLESTEGEDALQMLRDKTDTHHLRLDLQVAPLIAAYVTYDPVREQWLLALLDHHLISDNVTLRLIMLEIQSILAGRRDSLPPSQPYRNFIAQAAAISQEEHETYFRHLLADVDETTAPYGVLDVRGNGASVTRAIEHLSDEVNAAIHRTARTQGVPTSVLFHAAWGLVVAATSGRDDAIFGTVLSGRSQGTTGADHALGMFINTLPMRIRLQ
BGC0000437	NZ_LIRD01000002	[767365:780931](-)	-	[769846:772960]	nrpspksdomains_ctg3_699_PCP.3	['asp', 'asn', 'glu', 'gln', 'aad']	['asp', 'asn']	asp	5.20E-114	372.3	EIAIAGIWENLLHLDQVGRHDGFLELGGHSLLAVQLLSRLRRKLGARLTLRELFDAPTVRGLAALVNA
BGC0000437	NZ_LIRD01000002	[767365:780931](-)	-	[773107:776254]	nrpspksdomains_ctg3_699_AMP-binding.2	['ser', 'thr', 'dhpg', 'hpg']	['thr']	thr	4.30E-115	375.5	FEQFAATHPENVALVFGDVHMSYRKLNRRANRIAAQLLALGVKADDRVAILSGRGLEMVCAVLGVLKAGAAYVPLDPAYPAERLNYLLSDSAPVVMLAQPDCLDVLPALDIRVVLLNTESDEYSLSDASFDINPVVDTLPQHLAYVIYTSGSTGLPKGVLVEHGNVARLFDTTRELFRFNRDDVWTLFHSFAFDFSVWEIWGALSYGGKLVIVPTDVARSADEFYGLVCRQNVTVLNQTPSAFRQFIDASGRSDQVHGLREVIFGGEALDFISLRPWIARTPLAQTRLVNMYGITEITVHATYHAVTQSEIDAGAPSLIGTALPDLCLRILDDYQRPVPVGVHGEIYIGGAGVARNYLNRPELNAERFIADPYGPQRLYRTGDVARYRADGGIVYIGRNDSQIKIRG
BGC0000437	NZ_LIRD01000002	[767365:780931](-)	-	[773107:776254]	nrpspksdomains_ctg3_699_Condensation_LCL.3	['ser', 'thr', 'dhpg', 'hpg']	['thr']	thr	4.30E-115	375.5	PLVLSFSQQRLWFLDQLDPNASTAYHMPASLLLRGTLDLPALKAALDQLVARHESLRTTFERIGEQPVQRIAAPESGFALAEQDLRALPYEEASHTAARLSHSEASAPFDLHNGPLIRGRLLRLADDEYILLITQHHIISDGWSIGVLVKEFAALYGAFSQQQPDPLPPLAIQYADYAAWQRRCLSGERLSRQVEFWREHLRGAPTLLSLPTDRPRPAMQSYRGSDVPVVIAPQIRERLEQFCREHDVTLFMALLTAWSVVLARLGNEPDVVIGVPTANRGSTEVEALIGFFVNTLALRVRLQ
BGC0000437	NZ_LIRD01000002	[767365:780931](-)	-	[773107:776254]	nrpspksdomains_ctg3_699_PCP.2	['ser', 'thr', 'dhpg', 'hpg']	['thr']	thr	4.30E-115	375.5	ETALAAAWQELLGVEQVGRDDHFFELGGHSFLVISLIERLRQSGLQLDVRTVFSAPTLRAMAKVLAGE
BGC0000437	NZ_LIRD01000002	[767365:780931](-)	-	[776305:779443]	nrpspksdomains_ctg3_699_AMP-binding.1	['ser', 'thr', 'dhpg', 'hpg']	['thr']	thr	1.40E-68	222.8	FEEQARRTPQSIAVSMGTQSLTYRALNELSNQLARRLRAAGVVPQDLVAILLERSLDMIVATLAVLKSGAAYVPIDPTSPSDRIAYVLQDSGARKAIALADMAAELGELGIEVFDPNPLSTQTSPEVQRASVNLSNVNAPDHLCYVIYTSGSTGQPKGALLEHRNVIRLLHNSRTPFHFDADDVWSLFHSNAFDFSVWEMFGALLHGARLSLVPEALRRDPQDFLAFIESDGITVLNQTPSAFHQLSGVATSRPDVTLAQLRYVILGGESLEPARLDAFHRAFPHVALINMYGITETCVHVTYKHLEAADIAEGISNVGRPIPTTVTYIMDAQQRLMPVGVPGEICVGGQGVGRGYLNRPELTAERFIVDPFRPRERLYRSGDLGKLLGNGEIVHLGRMDAQVKIRG
BGC0000437	NZ_LIRD01000002	[767365:780931](-)	-	[776305:779443]	nrpspksdomains_ctg3_699_Condensation_LCL.2	['ser', 'thr', 'dhpg', 'hpg']	['thr']	thr	1.40E-68	222.8	ARTPLSFHQERIWFVDTFETGYLYDANPIYHNIPLLLELRGEINQPALQTALDGLLARHDILRCRVISDGASAWQRFDGEAVLPLTVVQALPEQIAALALESTRQPLQMDGGSLVRATLVHSDEHDAVLAIAVHHLLADRASMQVIRRDLLELYAAACADRPARLPALTVRYRDFAAWQRQFPAAVSETLRSFWAYQLRGKLQAMELPLNRPRNAVHTYAEATHAFLIDTKLVKRLNAAAEQAGVDANTLALSAFTALLRRYAGHDELVIGTTATCREDLAVKELVGPIGNLSVLRNSCD
BGC0000437	NZ_LIRD01000002	[767365:780931](-)	-	[776305:779443]	nrpspksdomains_ctg3_699_PCP.1	['ser', 'thr', 'dhpg', 'hpg']	['thr']	thr	1.40E-68	222.8	EQALALIFQELLGLERVGRRDGFFELGGHSLLAAQLVARVRQTLGGELKLRELFSHPTVAELAKSVGT
BGC0000437	NZ_LIRD01000002	[767365:780931](-)	-	[779899:780805]	nrpspksdomains_ctg3_699_Condensation_LCL.1	['ser', 'thr', 'dhpg', 'hpg']	['thr']	thr	2.20E-115	376.5	PLALSFSQQRLWFLDQLDPTASTAYHMPAALRLRGTLDLVALKASLDRLVARHESLRTTFERVGDEPVQVIASPVCGFSLIEEDLRALSAEEAAHSAERISDAEAAAPFDLLNGPLIRGRLLRLADDEYRLLITQHHIISDGWSIDVLVKEFAALYQAFARQQPDPLPPLSIQYADYAAWQRRHLDGERLAKNVEYWRSHLAGAPALLTVATDRPRPAVQDYRGATLSFDLPADLSSNITRFAQARAATPFMTLMAAWAVLLARISGQQDLVIGTVAANRDRQDVQSLIGFFVNTLALRVKLH
BGC0000437	NZ_LIRD01000002	[780934:795787](-)	+	[781042:782875]	nrpspksdomains_ctg3_700_Condensation_Dual.2	['ser', 'thr', 'dhpg', 'hpg']	['thr']	thr	1.60E-126	413.4	QDIYPLAPLQQGILFHHLLGHTGDAYLIRSMIEFDERSGLDRFVAALQQVIDRHDILRTSVQWNGLPEPVQIVQRNAELAVHTVTLDPKSDALAQLENISDPRQLRIDLSQAPLLRAYIGRDPHSQRWLLALLNHHMVSDHVTLEIVLEEIQTILQGQGDSLTAPMPYRDFVAQILATPIEADEEYFQRRLADIDEPTAPFGLLDVQGDGSDVEEVSMRFDDGLTRLIRAQARERGITPAVLFHVAWAQLIGRCSGRDDVVFGTVVSGRLQGSAGAERALGVFINTLPVRVNLA
BGC0000437	NZ_LIRD01000002	[780934:795787](-)	+	[781042:782875]	nrpspksdomains_ctg3_700_PCP.5	['ser', 'thr', 'dhpg', 'hpg']	['thr']	thr	1.60E-126	413.4	EQKLAALWSNLLGIERIGRNDHFFELGGHSLIAVQLTLRAREHFGVDVTLKALFEHPSLRELADLITT
BGC0000437	NZ_LIRD01000002	[780934:795787](-)	+	[783019:786145]	nrpspksdomains_ctg3_700_AMP-binding.4	['asp', 'asn', 'glu', 'gln', 'aad']	['N/A']	N/A	6.40E-116	378.3	FETQAARTPEAIALVSAGETLTYAELNARANGVAHRLIKLGVKPDDTVGLCARRSADMVIGLLGILKAGAAYVPLDPQYPAERLAHMLADSAPRVLVRQQGLELAVPVDLATIEIGSDEITRNPQIAGLTVSHLAYVIYTSGSTGLPKGVMVEHRGLRNLLDWYLKDLAFTAKDAVLLASSYNFDLTQKNILAPLMVGGVLHLAEEPFDPAAIVKQIAQSGITHINMSPSAFHALVDADKTHALASLKRVVLGGEPIPLAMLEKLQAPRPTVINSYGPTECSDVVAWQTVDADLDVYREQAIPIGKPIRNMQLHVLDSLGHLVPIGVRGEIHIGGTGVARGYLNQPELSAERFISDPFAATPEARLYKTGDIGRWLADGTLEYLGRDDHQVKIRG
BGC0000437	NZ_LIRD01000002	[780934:795787](-)	+	[783019:786145]	nrpspksdomains_ctg3_700_Condensation_LCL.2	['asp', 'asn', 'glu', 'gln', 'aad']	['N/A']	N/A	6.40E-116	378.3	QAPPLSLAQQRLWFLDQLDHAASAAYHLPAALRLSGRLDETALRRALDRIVARHESLRATFERHDDKVGQYFALADVGFTLTEHDLQRLPHEAREHAVKELAQIEAHAPFDLNRGPLIRGRLLRLDDNEHVLLVTQHHIVTDGWSVALLIEEFNALYTAFSQGLDDPLPDLALQYADYAVWQREWLQGEVLHTQTRYWTQVLDGAPALLELPADRPRPQVQSYIGSSVPLRLSPELSSAVRRFSQQQGLTPFMTLLGAWSVLLARLSNQPDVVIGTPVANRPRAETEALIGFFVNTLALRVDLR
BGC0000437	NZ_LIRD01000002	[780934:795787](-)	+	[783019:786145]	nrpspksdomains_ctg3_700_PCP.4	['asp', 'asn', 'glu', 'gln', 'aad']	['N/A']	N/A	6.40E-116	378.3	ETVIAGIWQDLLGLEQVGRHDRFFELGGHSLMAVALIDRLREHGLGADVRMVFASPSLREMARAIGRDA
BGC0000437	NZ_LIRD01000002	[780934:795787](-)	+	[786187:789304]	nrpspksdomains_ctg3_700_AMP-binding.3	['gly', 'ala', 'val', 'leu', 'ile', 'abu', 'iva']	['gly', 'ala']	gly	3.80E-125	408.8	FEAQVRVRPEAIALVYEDQQLTYAQLNRRANQLARRLIALGLQPDQRVALCAERSPEMLIGLLGVLKAGGAYLPLDLALPVERTAFMLSESTPLVVLTQQALAAQLQVGETPLLLLDERESLDAGNDPAFDPNPEISGLTPAHLAYVMFTSGSTGKPKGVMVEHRNVVNLLRTMAEKVGANANDRVLALTTLGFDIAGLELFLPLICGARVVLASRDQAHDGRLLAEVIAHNEVTLAQATPASWRMLLDSGWSGDTSLTALCGGEALPADLARRLAGQVKRLFNVYGPTETTIWSSAIQVSAQDTLGNQVSIGRPIANTQFYVLNPQGNPVPVGVSGEMYIGGTGVARGYLNRPDLSAERFLTDPFSTVPNARMYRTGDLGRWLADGSLEFLGRNDFQVKIRG
BGC0000437	NZ_LIRD01000002	[780934:795787](-)	+	[786187:789304]	nrpspksdomains_ctg3_700_Condensation_Dual.1	['gly', 'ala', 'val', 'leu', 'ile', 'abu', 'iva']	['gly', 'ala']	gly	3.80E-125	408.8	QDIYPLVPLQQGILFHHLLGHEGDAYLVRSLIEFDDRSRLDAFVAALQQVIDRHDILRTAVQWTGLPHAVQIVQRHAVLPVHTVTLNDQEDALAQLENISDPRHLRLDLTKAPLLCAHIAKDPQSPRWLLSLLDHHMVSDHVTLGILLEEVQAILNGDSASLPAPLPYRDFVAQTLASPPQVHEAYFRQRLADIDEPTAPFDLLNIQGDGSDVSMVNVRLETTLARNIRVAARKRGVTPAVLFHIAWALVLARCTGRNDVVFGTVVSGRLQGSAGAERALGVFINTLPVRVHLDE
BGC0000437	NZ_LIRD01000002	[780934:795787](-)	+	[786187:789304]	nrpspksdomains_ctg3_700_PCP.3	['gly', 'ala', 'val', 'leu', 'ile', 'abu', 'iva']	['gly', 'ala']	gly	3.80E-125	408.8	EIAIASIWQDLLHLEQVGRHDGFLELGGHSLLTVQLQARLHQVLGVEIALRTLFAQGSLSAMAECVSQAG
BGC0000437	NZ_LIRD01000002	[780934:795787](-)	+	[789448:792580]	nrpspksdomains_ctg3_700_AMP-binding.2	['gly', 'ala', 'val', 'leu', 'ile', 'abu', 'iva']	['N/A']	N/A	1.10E-121	397.3	FEAQAEAQPDAIAVVFDGEQMSYAELNRQANQMAHHLIGLGIRPDDRVAICVERGAEMLVGLLAILKSGAGYVPLDPAYPAERLAYMLSDSTPSVLLTQRALQANLPTLDIPVVLLDKAERIADGYDDNPVILSLGVRHLAYVIYTSGSTGTPKGVMIEHRGLVNYTLDAIRLFGLTNADTVLQQNTLNFDLSVEEIFPALIAGATLAPSRSIFGTSQDDIRPTFLHLTAAHWHTLAAEWHYNPKLAQDQLRDVRLINVTGDALSTQKLQMWEQIRPAHTKLVNTYGPTEATVSCTASYVTFEALNSNASIGTPMANTRIYLLDAHLKPVPFGVTGEIYIGGDGVARGYLNLDKITAERFLPDPFSNLASARLYKTGDLARYRPDGGLEYQGRNDFQVKVRG
BGC0000437	NZ_LIRD01000002	[780934:795787](-)	+	[789448:792580]	nrpspksdomains_ctg3_700_Condensation_LCL.1	['gly', 'ala', 'val', 'leu', 'ile', 'abu', 'iva']	['N/A']	N/A	1.10E-121	397.3	EDLPLSFAQQRLWFLAQMEGGSAAYHMPAGLRLRGTLDTDALQRALDRIVFRHEALRTTFVQAQGEDAVQRIAPANSGFALRQYDLRGQTDTEAQWQALAAEEEAELFDLEHGPLIRGRLIRLNAQDHVLLVTMHHIVSDGWSIGVLTNELAALYEAFRHGLDDPLPALAVQYADYAVWQRRWLSGEVLQTQNNYWQQSLADAPALLMLPTDRPRPVEQDYAGAALSVAFDANLTADLKNLSQRHGTTLYMTLMAGWAALLSRLSGQDEVVIGSPVANRLRAEVEGLIGFFVNTLAVRVDVSG
BGC0000437	NZ_LIRD01000002	[780934:795787](-)	+	[789448:792580]	nrpspksdomains_ctg3_700_PCP.2	['gly', 'ala', 'val', 'leu', 'ile', 'abu', 'iva']	['N/A']	N/A	1.10E-121	397.3	EIALAQIWQSLLKVDAVGRHDHFFELGGHSLLAVSLIERLRQQNLVADVRTVFTSPTLHDMAQAIDRDT
BGC0000437	NZ_LIRD01000002	[780934:795787](-)	+	[792622:795736]	nrpspksdomains_ctg3_700_AMP-binding.1	['ser', 'thr', 'dhpg', 'hpg']	['ser']	ser	1.40E-89	292.1	FEQQVALRPAANAVSDDSGQVLSYAELNRQSNQLAHRLIELGVGPDARVAVCLRRSPEMVIALLAILKAGGAYVPIDPDLPVSRREYMLDDSAPLAVLSSEALLATLPALSVPVLVLDRDAHDFPDTNPHVSGLNATHLAYVLYTSGSTGMPKGVMNEHRGVVNRLLWARDEYRVDETDRVLQKTPFGFDVSVWEFFLPLLAGAQLVMARPGGHQEPIYIAKVIRSAGITMLHFVPSMLELFLEDRDSQGFPDLRRVLCSGEALPRSLQKRFEQQLAEVELHNLYGPTEAAIDVTAWHCRPTDRGDSVPIGRPIANIQIRILDSFGEPTPKGVAGEINIGGVGVARGYLNLPELSAERFVADPFSKDPEARLYKTGDLGRWLADGSIEYMGRNDFQVKIRG
BGC0000437	NZ_LIRD01000002	[780934:795787](-)	+	[792622:795736]	nrpspksdomains_ctg3_700_Condensation_Starter.1	['ser', 'thr', 'dhpg', 'hpg']	['ser']	ser	1.40E-89	292.1	QPHELASVQQGIWLDQMAHPELPYYNIGMVLEIKGRIDVQLLEKAIELIANRHDALRLSFSHEGGVARQSVLPSIEVKLDVVDFSEEDTAAGLAMAYVREAFRKPFDKLTGKLWEARLVRCGPERFYWLNRYHHLVTDGASVSLIGHAVSDAYNGLLAGDDNPPEGHSYISFLAEDRSYIESTRFERDRAFWHEKFAQLPPALLQQRVAVAGSGIAPSAQAQAMMPRALFDGLAQFASGHGMSLAHVLMTVLATYFCRTEGVDEIVIGMPVHNRTTARQKATVGMFSSLSPILLEVDP
BGC0000437	NZ_LIRD01000002	[780934:795787](-)	+	[792622:795736]	nrpspksdomains_ctg3_700_PCP.1	['ser', 'thr', 'dhpg', 'hpg']	['ser']	ser	1.40E-89	292.1	EIALAQIWQDLLGLPQVGRQDQFFELGGHSLLAIQLISQVRLQLGVELGLADLFAQPELAALAQAVAEAS
BGC0000437	NZ_LIRD01000002	[801099:802959](-)	-	[801144:802881]	nrpspksdomains_ctg3_705_AMP-binding.1	['ser', 'thr', 'dhpg', 'hpg']	['thr']	thr	1.60E-102	334.9	FSAKAREFPERTAVSDETRALSYAELEAVSSKLAARLRHEGVTDGMLVGLCLERSADLVIGLLGILKAGAAYVPVDPLYPAKRLEHIVRDSGISLMISSKDVASVPATPSLRVLHLDALLSGPEVETTAPKLNAATAPAYVIYTSGSTGEPKGVLVAHGNVSSLLESTQRSYGFSKTDVWSMFHSIGFDFSVWEIWGALAHGGQVAVVPYDVSRSPESFRKWLVRNGVTVLSQTPSAFRGLDEVDRLAKDRLALRYVVFGGEALPATVLRPWVERHGDEKPALINMYGITEATVHTTYKRVRGQDLESSAMVSIGQPLDGWKLNLLDVNQVPVAQGSTGELYIEGAGVAQGYLNRIALSAERFVTLPGHTSPAYRTGDLLMQGADGEYRYVGRCDEQLKIRG
BGC0000437	NZ_LIRD01000002	[801099:802959](-)	-	[801144:802881]	nrpspksdomains_ctg3_705_PCP.1	['ser', 'thr', 'dhpg', 'hpg']	['thr']	thr	1.60E-102	334.9	EKFVLRVWSDDIGLKCIGLNDDFFDFGGTSLALIRSLSKLKTHYQINLDPGVLADGATAKVLAGCINS
BGC0000437	NZ_LIRD01000002	[806511:835419](+)	+	[806535:809655]	nrpspksdomains_ctg3_708_AMP-binding.1	['ser', 'thr', 'dhpg', 'hpg']	['thr']	thr	1.20E-26	84.5	FEAQVLAQPDAVAVVYEDQQLTYSQLNARANQVAHQLLALGIRPDDRVAICVERGLEMIVGLMGILKSGAGYVPLDPTYPLERLTFMLDDSAPVALLTQSGLLQLLPALEAPVLLLDQLEASDLQHNPDVNVLSQHLAYVIYTSGSTGLPKGVMVEHRNVARLFSATQDWFNFGPQDVWALFHSFAFDFSVWEIWGALIHGGRLLVVPQLVSRSPADCYALLCEAGVTVLNQTPSAFRQLIAAQSDTLHSLRQVIFGGEALETGILKPWYAREANTKTQLVNMYGITETTVHVTYRPLTAADAQLVGISPIGKRIPDLRLYLLDSHGQAVPVGVEGELYVGGAGVARGYLNRPELNATRFLDDPFSDTPHARMYRTGDLGRWLADGNLEYLGRNDDQVKIRG
BGC0000437	NZ_LIRD01000002	[806511:835419](+)	+	[806535:809655]	nrpspksdomains_ctg3_708_Condensation_Starter.1	['ser', 'thr', 'dhpg', 'hpg']	['thr']	thr	1.20E-26	84.5	ESYPLTAAQRDIWLDQMTQGDSPLYTIGGYIQIKGRIDPERFQRAIELLIQKHDALRTVLLPNVGEAGAPMQALAAAMVEKIELQDFSGHADPEAAVQAWMQQQIEIAFPLDGRRLFRFHLAKLSETSFYFVAHVHHLIQDGWGISLMFDSVGELYSALENNQQPDLSAPSYVEFIHDDARYRDSPRFARDQAYWLEKYRDVPEPLFVARYRDQYPDRGAPSRVVTQRYAHSLNDRIDALAQSLQVSRFHVLLAALYVYFVRTPERDELVIGLPILNRSNANFRNTLGLFTQVSAVRLQFS
BGC0000437	NZ_LIRD01000002	[806511:835419](+)	+	[806535:809655]	nrpspksdomains_ctg3_708_PCP.1	['ser', 'thr', 'dhpg', 'hpg']	['thr']	thr	1.20E-26	84.5	EITLAALWVELLGVEQVGRHDRFFELGGHSLLAVKLIERMRQVNLSADVRVLFGQPTLATLAAAAGA
BGC0000437	NZ_LIRD01000002	[806511:835419](+)	+	[809799:812919]	nrpspksdomains_ctg3_708_AMP-binding.2	['pro', 'pip']	['pro']	pro	1.30E-29	94.0	FEAHAAEQPDAIAVTYEGQRLSYAELNQRANQIAHRLIELGIGADDRVAICVDRSLEMIAGLIGILKAGAGYVPLDPAYPAERLTYMLDDSAPKVLLTQRSLQERFPQLSVPVMLLDAEAGLNAQPQTNPDVRELTAQHLAYVIYTSGSTGQPKGVAMAHGPLVNLMQWQIAQSVPARTLQFAALGFDVAFQEVFSTLCAGAELSLIHADTRLNFHALFQHIAQQNIERLYLPCVALQALAESAISDGATEPLACGLRDVITAGEQLRITPQIRAFFERLPGCRLHNHYGPTESHVTTALTLPDDVAAWPILPAIGYPVANTRIYLLDEHLQPVPVGVAGEIHIGGACVARGYLNRPDMTAERFIRDPFYADGRLYKTGDLGRYQADGCIDYLGRNDDQIKIRG
BGC0000437	NZ_LIRD01000002	[806511:835419](+)	+	[809799:812919]	nrpspksdomains_ctg3_708_Condensation_Dual.1	['pro', 'pip']	['pro']	pro	1.30E-29	94.0	QDIYGLVSLQEGILYHHLATEVGDPYLLQATLRMGSRAQLDTFVQSLQSVIERHDILRTSVAWEGLDEPVQVVWREARLGAFEVALDPSEGDIAEQLQTRFDPRHTRFDLRQAPLMRLHFAEDVAGASWVAILLFHHLIDDATSLALLGQEIEAFSEGRSAQLPASVPYRNYVAQVRLGASQVQQEAFFGEMLGDVDEPTLPFGLQDVQGDGSGMEEASLPLEAELGQRLRAQARRLGVSSASLHHLAWGQVVGRLAGRQDVVFGTVLMGRLHSGEDAERALGMFINTLPLRVDA
BGC0000437	NZ_LIRD01000002	[806511:835419](+)	+	[809799:812919]	nrpspksdomains_ctg3_708_PCP.2	['pro', 'pip']	['pro']	pro	1.30E-29	94.0	ETTLASLWAEVLGVAQVGRHDHFFELGGHSLLAVKLIERMRHAGLSADVRVLFGQPTLAALAAAVGG
BGC0000437	NZ_LIRD01000002	[806511:835419](+)	+	[813063:816108]	nrpspksdomains_ctg3_708_AMP-binding.3	['gly', 'ala', 'val', 'leu', 'ile', 'abu', 'iva']	['gly', 'ala']	ala	2.30E-28	90.0	FEAQVERTPDAVAVVYGLERLSYRELNSRANQLAHHLRGQGVKPDSRVAICVERSAEMVVGLLAILKVGGGYVPLDPAYPLDRIAYMLQDSAPAVVLAQASTLGLLADASMPVIDLGSGIWQDESVSNPVVEGLTSAHLAYVIYTSGSTGLPKGVMIEHRNTVNFLTWAHRSFDHATLAKTLFSTSLNFDLAVYECFAPLTSGGSIDVVTNVLELRDDITLINTVPSALKALLESGGLSANVHTVNVAGEALKRSLVESLFEQTSVQRLCNLYGPSETTTYSSWVSMDRQDGFAAHIGKPVANTQFYLLDEHQQPVPLGVPGEIYIGGAGVARGYLNRDDLTAERFLSDPFRPNARMYRTGDLGRYLPDGNIEYLGRNDDQVKIRG
BGC0000437	NZ_LIRD01000002	[806511:835419](+)	+	[813063:816108]	nrpspksdomains_ctg3_708_Condensation_Dual.2	['gly', 'ala', 'val', 'leu', 'ile', 'abu', 'iva']	['gly', 'ala']	ala	2.30E-28	90.0	QDIYPLAPLQEGILYHHISAEQGDPYLLQASFAMTSRAQLDGFVQALQAMIDRHDILRTAMVWEGLDEPLQVVLRRAQLTVEEIVVDPALGDVAKQLGQRFDPAHTRLDLGNAPLMHLACAWDASHQRWVAILLFHHIALDHTALDVMHDEMLAYQNGEAEHLNAATPYRNYVAQALLGVSREQHERFFRDMLNDVDEPTLPFGLHQVQGDGRGIQEVKLNLDPLLSQRLRTQARLLGVSAASLHHLAWARVLGRVSGRDDVVFGTVLLGRMQGGVGSDRALGMFINTLPLRVKVG
BGC0000437	NZ_LIRD01000002	[806511:835419](+)	+	[813063:816108]	nrpspksdomains_ctg3_708_PCP.3	['gly', 'ala', 'val', 'leu', 'ile', 'abu', 'iva']	['gly', 'ala']	ala	2.30E-28	90.0	EITLARIWAQVLNVEQVGRHDHFFELGGHSLLAVSLMERMRQAGLSADVRVLFSQPTLAALAAAVGG
BGC0000437	NZ_LIRD01000002	[806511:835419](+)	+	[816255:819306]	nrpspksdomains_ctg3_708_AMP-binding.4	['gly', 'ala', 'val', 'leu', 'ile', 'abu', 'iva']	['gly', 'ala']	ala	4.60E-29	92.2	FEAQVERTPDAVAVIHGLNQLSYRELNERANRLAHYLRGQGVRPDSRVAICVERSAGMVVGLLAILKAGGGYVPLDPAYPLDRIAYMLQDSTPAVVLAQASTLGLLAEASMPVIDLDSSVWQDESVSNPVIEELTSSHLAYVIYTSGSTGLPKGVMIEHRNTVNFLTWAHRSFDDATLAKTLFSTSLNFDLAVYECFAPLTSGGSINVVTNVLELRDDITLINTVPSALKALLESGGLSKNVHTVNVAGEALKRSLVENLFEQTQVQRLCNLYGPSETTTYSSWVSMDREEGFAAHIGKPVANTQFYLLDEHQQPVPLGVPGEIYIGGAGVARGYLNRDDLTAERFLNDPFRPNARMYRTGDLGRYLPDGNIEYLGRNDDQVKIRG
BGC0000437	NZ_LIRD01000002	[806511:835419](+)	+	[816255:819306]	nrpspksdomains_ctg3_708_Condensation_Dual.3	['gly', 'ala', 'val', 'leu', 'ile', 'abu', 'iva']	['gly', 'ala']	ala	4.60E-29	92.2	QDIYPLAPLQEGILYHHLAAEQGDPYVLQAQFAFDNRQRLDDFTQALQGVINRHDILRTSMAWEGLDEPVQVVWRQAQLSVEEVTLAAAEGDIAGQLRERFDARHHCLDIRQAPLMCIRFAQDDQRWIATLLFHHMALDHTALEVVRQEMQAHLLGQSEQLGAAVPYRNYVAQARLGVSREEHEAFFRAMLGDIDEPTLPFGLQDVQGDGRDIEEAKQSVDAAMSRRLRAQARQLGVSAASLVHLAWAQVLGRVSGREEVVFGTVLMGRMQGGEGAERALGMFINTLPLRVSVG
BGC0000437	NZ_LIRD01000002	[806511:835419](+)	+	[816255:819306]	nrpspksdomains_ctg3_708_PCP.4	['gly', 'ala', 'val', 'leu', 'ile', 'abu', 'iva']	['gly', 'ala']	ala	4.60E-29	92.2	ETTLAQIWSDVLNVDRVGRHDHFFELGGHSLLAVSLIERMRQAGLSADVRVLFSQPTLTALAAAVGNNQ
BGC0000437	NZ_LIRD01000002	[806511:835419](+)	+	[819444:822492]	nrpspksdomains_ctg3_708_AMP-binding.5	['gly', 'ala', 'val', 'leu', 'ile', 'abu', 'iva']	['gly', 'ala']	ala	1.80E-29	93.5	FEAQVERTPDAVAVIFGQHRLSYRELNERANRLAHYLRGQGVRPDSRVAICVERSADMVVGLLAILKAGGGYVPLDPAYPLDRIAYMLEDSAPAVVLAQAATLGLLAEASMPVIDLDSGIWKDESVSNPSIDGLTSAHLAYVIYTSGSTGLPKGVMIEHRNTVNFLTWAHRSFDEATLAKTLFSTSLNFDLAVYECFAPLTSGGSINVVTNVLELRDDITLINTVPSALKALLESGGLSKNVHTVNVAGEALKRSLVENLFEQTQVQRLCNLYGPSETTTYSSWVSMDREEGFAAHIGKPVANTQFYLLDEHQQPVPLGIPGEIYIGGAGVARGYLNRDDLTAERFLTDPFRTNARMYRTGDLGRYLPDGNIEYLGRNDDQVKIRG
BGC0000437	NZ_LIRD01000002	[806511:835419](+)	+	[819444:822492]	nrpspksdomains_ctg3_708_Condensation_Dual.4	['gly', 'ala', 'val', 'leu', 'ile', 'abu', 'iva']	['gly', 'ala']	ala	1.80E-29	93.5	QDIYPLAPLQEGILYHHISSEQGDPYVLQTQFAFATRARLDDFAQALQQVINRHDILRTSMLWEGLDQPLQVVWREAQLIQEQIQALGDDVAAQLLERFDPRHHRLDITQAPMLRLVYSHDAASNRWLAILLFHHMALDHTAMEVVQHEMQAFLLGETEQLGAAMPYRNYVAQARLGVSLEEHEGFFREMLGDVDEPTLPFGLHDVQGAGQGIEEATLALENSLSLRLRSQARQLGVSAASLVHLAWAQVLGRVSGKDDVVFGTVLMGRMQGGEGADRALGMFINTLPLRVNVG
BGC0000437	NZ_LIRD01000002	[806511:835419](+)	+	[819444:822492]	nrpspksdomains_ctg3_708_PCP.5	['gly', 'ala', 'val', 'leu', 'ile', 'abu', 'iva']	['gly', 'ala']	ala	1.80E-29	93.5	ETTLAQIWSDVLNVERVGRHDHFFELGGHSLLAVSLIERMRQAGLSADVRVLFGQPTLAALAAAVGG
BGC0000437	NZ_LIRD01000002	[806511:835419](+)	+	[822636:825708]	nrpspksdomains_ctg3_708_AMP-binding.6	['gly', 'ala', 'val', 'leu', 'ile', 'abu', 'iva']	['val', 'leu', 'ile', 'abu', 'iva']	val	8.60E-28	88.1	FEAQVLARPTATAAVHDGRSLTYSELNVRANRLAHHLISLGVQPGNNVSILLERSLDLLISQLAILKCAAVYVPLDVNAPTERQQFMLQDSQAEFVLTRREEDVALDVQRIDLDTRALDNLPSHNPQRPQSSETPAYIMYTSGSTGTPKGVLVPHRAITRLVINNGYAQFNARDRVAFASNPAFDASTLDVWAPLLNGGCVVVIAQDVLLSQERFSALLLEQKISVLWMTAGLFHQYAAGLMSMFGQLRYLIVGGDVLDPTVIGRVLKEGAPQHLLNGYGPTEATTFSTTYEIRSAGAGSIPIGRPVGNTRVYVLDAYQRPAPIGVAGELYIGGDGVANGYLNRPELTAEKFVADPFSTEPQALLYRTGDLARWLPDGNVEYLGRNDDQVKIRG
BGC0000437	NZ_LIRD01000002	[806511:835419](+)	+	[822636:825708]	nrpspksdomains_ctg3_708_Condensation_Dual.5	['gly', 'ala', 'val', 'leu', 'ile', 'abu', 'iva']	['val', 'leu', 'ile', 'abu', 'iva']	val	8.60E-28	88.1	QDIYPLAPLQEGILYHHLSAEQGDPYVLQARFALDSRQRLDAFVQALQGVINRHDILRTAVLWEGLDEPQQVVWRHAQLGLDELALDPQAGDITEQLHQRFDARHYGLDITQAPLMRLAFAEDQPNQRWVAMLLFHHMALDHTALDVVRHEMQAHLLGHADQLGAAMPYRNYVAQARLGVSSAEHEAFFSDMLGDIDEPTLPFGLQDVQGDGGDIEEARVVIDRDLSRRLRRLARQSGVGAASLHHLAWAQVLGRVSGQDDVVFGTVLMGRMQGGEGADRALGMFINTLPLRVDVA
BGC0000437	NZ_LIRD01000002	[806511:835419](+)	+	[822636:825708]	nrpspksdomains_ctg3_708_PCP.6	['gly', 'ala', 'val', 'leu', 'ile', 'abu', 'iva']	['val', 'leu', 'ile', 'abu', 'iva']	val	8.60E-28	88.1	EIILARIWAQILTVEQVGRHDHFFELGGHSLLAVKLIEQMRQSGLSADVRVLFSQPTLAALAAAVGSG
BGC0000437	NZ_LIRD01000002	[806511:835419](+)	+	[825849:828903]	nrpspksdomains_ctg3_708_AMP-binding.7	['gly', 'ala', 'val', 'leu', 'ile', 'abu', 'iva']	['gly', 'ala']	ala	2.10E-28	90.1	FESQVERTPDAVAVVYGDQRLSYRELNERANRLAHYLRGQGVRPDSRVAICVERSADMVVGLLAILKAGGGYVPLDPAYPLDRIAYMLEDSAPAVVLAQASTLGLLAEASMPVIDLDNSVWQDESVANPSIEGLTPAHLAYVIYTSGSTGLPKGVMIEHRNTVNFLTWAHRSFDDATLAKTLFSTSLNFDLAVYECFAPLTSGGSIDVVTNVLELRDDITLINTVPSALKALLESGGLSKNVHTVNVAGEALKRSLVENLFEQTGVQRLCNLYGPSETTTYSSWVSMDREDGFAAHIGKPVANTQFYLLDEHQQPVPLGVPGEIYIGGAGVARGYLNRDDLTAERFLNDPFRTNARMYKTGDLGRYLPDGNIEYLGRNDDQVKIRG
BGC0000437	NZ_LIRD01000002	[806511:835419](+)	+	[825849:828903]	nrpspksdomains_ctg3_708_Condensation_Dual.6	['gly', 'ala', 'val', 'leu', 'ile', 'abu', 'iva']	['gly', 'ala']	ala	2.10E-28	90.1	QDIYPLAPLQEGILYHHLAAEQGDPYVLQTLFELSSRDRLTAFVAALQNVIDRHDILRTSVVWQGLDAPTQVVWREAKLHLEQVDLDAAAGDIAAQLQNQFDPRHYRLDITQAPMLRLAFAEDAANQRWVAVLLFHHMALDHTAMEVVVHEMQAHLLGEADQLSVAVPYRNYVAQARLGASQQDHEKFFREMLGDVDEPTLPFGLQDVQGDGRDVEEARQAVDAKLNLRLRAQARQLGVSAASLVHLAFAQVLGRVSGKQDVVFGTVLMGRMQGGEGADRALGMFINTLPLRVDVG
BGC0000437	NZ_LIRD01000002	[806511:835419](+)	+	[825849:828903]	nrpspksdomains_ctg3_708_PCP.7	['gly', 'ala', 'val', 'leu', 'ile', 'abu', 'iva']	['gly', 'ala']	ala	2.10E-28	90.1	ETTLAQIWQDLLGLPQVSRHDHFFELGGHSLLAVSLIERMRQAGLSTDVRALFSQPTLAALAAAVGSG
BGC0000437	NZ_LIRD01000002	[806511:835419](+)	+	[829044:832155]	nrpspksdomains_ctg3_708_AMP-binding.8	['ser', 'thr', 'dhpg', 'hpg']	['thr']	thr	2.00E-28	90.2	FEAQASVQPDAVAVVFEDQSLTYGELNARANQVAHRLLSLGIRPDDRVAICVERGLEMIVGLLGILKSGAGYVPLDPAYPAERIAYMLEDSTPVAILVHAATRELLAEESVRVIDLDCASLHSQSTTNPPVPELTSAHLAYVIYTSGSTGLPKGVMVEHRNVARLFAATQAWFEFGPQDVWALFHSFAFDFSVWEIWGALTHGGRLLVVPQATSRSPDECYALLCEAGVTVLNQTPSAFRQLIAAQGEKPRAHNLRQVIFGGEALEPGLLKPWYARAVNDQTQLVNMYGITETTVHVTYRALQPVDAQRAGVSPIGGRIPDLQLYILNPQREPVPVGVIGEMYVGGAGVARGYLNRDELTAERFLSNPFSCEPNARMYRTGDLGRWLADGTVEYLGRNDEQVKIRG
BGC0000437	NZ_LIRD01000002	[806511:835419](+)	+	[829044:832155]	nrpspksdomains_ctg3_708_Condensation_Dual.7	['ser', 'thr', 'dhpg', 'hpg']	['thr']	thr	2.00E-28	90.2	QDIYPLAPLQEGILYHHLAAEQGDPYVLQTQFAFDSREHLDAFTQALQIVIDRHDILRTSMVWEGLDEPVQVVWRHAQLSVEEVVLAAAEGDIADQLRERFDSRHHRLDIRQAPLLCIKFAQDAANQRWVATLLFHHMALDHTALDVVRHEMQAHLLGQSDQLGAAVPYRNYVAQARLGVSEQAHETFFREMLGDIDEPTLPFGLTQVLGDGREIEEATQAVDQALSLRLRAQARRLGVGAASLVHLAWAQVLGMASGQPDVVFGTVLMGRMQGGEGADRALGMFINTLPIRVQVDA
BGC0000437	NZ_LIRD01000002	[806511:835419](+)	+	[829044:832155]	nrpspksdomains_ctg3_708_PCP.8	['ser', 'thr', 'dhpg', 'hpg']	['thr']	thr	2.00E-28	90.2	ETTLASIWQELLDLEQIGRHDNFFELGGHSLLAVKLIERMRHAGLSADVRVLFGQPTLAALAAAVG
BGC0000437	NZ_LIRD01000002	[806511:835419](+)	+	[832302:835395]	nrpspksdomains_ctg3_708_AMP-binding.9	['ser', 'thr', 'dhpg', 'hpg']	['ser']	ser	1.60E-26	84.1	FEQQVARRPEACAVSDDSGQVLTYAALNRRANQVAHQLIELGVGPDARVAVCLRRSPEMVIALLAILKAGGAYVPIDPDLPDARREYMLDDSAPLAVLSSAELAQTLPMPGAPVLVLDRDTYDFPDTNPQTPGLNATHLAYVLYTSGSTGMPKGVMNEHRGVVNRLLWARDEYRVDETDRVLQKTPFGFDVSVWEFFLPLLAGAQLVMARPGGHQEPDYIAHTIRSAGITLLHFVPSMLELFLERRDSQGFPGLRRVLCSGEALPRSLQKRFEQQLAEVELHNLYGPTEAAIDVTAWQCRPTDQGDSVPIGRPIANIQIHILDNHGAPTPLGIAGEINIGGVGVARGYLNLPELSAERFVADPFSSDPEARLYKTGDLGRWLPDGSVEYLGRNDFQVKIRG
BGC0000437	NZ_LIRD01000002	[806511:835419](+)	+	[832302:835395]	nrpspksdomains_ctg3_708_Condensation_Dual.8	['ser', 'thr', 'dhpg', 'hpg']	['ser']	ser	1.60E-26	84.1	QDIYPLAPLQEGILYHHLAAAQGDPYLQYVMFGFDSFARLNSFSQALQAVVARHDILRTGVLWEGLAEPMQVVWRDARLVVEAVELESAAGDIATQLHQRFDPRHYRLDIREAPMMRIAYAQDTANQRWVGILLFHHLVDDATSLAVLASEIEAHMLGQAQRLPMSVPYRNYVAQARLGVSREAHEAFFRDMLGEVDEPTLPFGLQDVQGDGSGIEEVREDIDTDLSRRLRVQARQLGVSAASLYHLVWAQVLAKVSGRDDVVFGTVLIGRMQAGEGADRALGMFINTLPLRVQVG
BGC0000437	NZ_LIRD01000002	[806511:835419](+)	+	[832302:835395]	nrpspksdomains_ctg3_708_PCP.9	['ser', 'thr', 'dhpg', 'hpg']	['ser']	ser	1.60E-26	84.1	EITLAQLWAEVLNVERVGRHDHFFELGGHSLLAVSLMERMRQEGLEADVRTLFEQPTLSEYAATTE
BGC0000437	NZ_LIRD01000002	[835415:848543](+)	-	[835742:838814]	nrpspksdomains_ctg3_709_AMP-binding.1	['gly', 'ala', 'val', 'leu', 'ile', 'abu', 'iva']	['val', 'leu', 'ile', 'abu', 'iva']	val	6.80E-28	88.5	FEAQAEARSDAPAAVEAGQTLTYAELNAKAERLAAHLTSLGLQPGEAVAILLPRSLDLLVSQLAILKCAAVYVPLDINAPVERQHFMLQDSRAVLALTRSGEGLADGVRRVDLDTIDYANQPVRNAPRPQSSETPAYIMYTSGSTGTPKGVLVPHRAISRLVINNGYADFNSADRVAFASNPAFDASTLEVWAPLLNGGCVVVVEQEVLLSQARLREWLLAQSVSVLWMTAGLFHQYADGLMPVFGQLRYLIVGGDVLDPAVIGRVLRDGAPQHLLNGYGPTEATTFSTTFEITSVGSGSIPIGRPIGNTKVYVLDAQLRTVPLGVPGELFIAGAGVANGYLNRPELSAEKFIADPFNGQSMYRTGDLGRHLPDGTIEYLGRNDDQVKIRG
BGC0000437	NZ_LIRD01000002	[835415:848543](+)	-	[835742:838814]	nrpspksdomains_ctg3_709_Condensation_Dual.1	['gly', 'ala', 'val', 'leu', 'ile', 'abu', 'iva']	['val', 'leu', 'ile', 'abu', 'iva']	val	6.80E-28	88.5	QDIYPLAPLQEGILYHHLTASQGDPYVLQAQFSITTRERLADFADALQSVVDRHDILRTAIVREGLDEPVQVVWRHARLGLQDISAEIVDGDAMAQLQARFDPRHHRLDVSQAPLLLLVFAEDPLNQRWVAMLLFHHMALDHAALAVVQHEMQAYLMGQAEQLQAAVPYRNYVARTRQAGQRQADEAFFGEMLGDVDEPTLPFGQQDVLGDGSAIEEIQRPLPSELSRRLRAQARLVGVSAASVIHLAWAQVLGCVSGREDVVFGTVMLGRMQASENMSRALGMFINTLPLRVGVG
BGC0000437	NZ_LIRD01000002	[835415:848543](+)	-	[835742:838814]	nrpspksdomains_ctg3_709_PCP.1	['gly', 'ala', 'val', 'leu', 'ile', 'abu', 'iva']	['val', 'leu', 'ile', 'abu', 'iva']	val	6.80E-28	88.5	EITLARLWAQVLNVERVGRHDHFFELGGHSLLAVNLIEQMRQVDLSADVRVLFGQPTLAALAAAVGG
BGC0000437	NZ_LIRD01000002	[835415:848543](+)	-	[838958:842045]	nrpspksdomains_ctg3_709_AMP-binding.2	['gly', 'ala', 'val', 'leu', 'ile', 'abu', 'iva']	['val', 'leu', 'ile', 'abu', 'iva']	ile	2.80E-28	89.7	FEAQVARTPDAVAAVHGQETLSYAALNQRANQLAHHLIGLDVQPDDRVAILLPRSLDLLASQLAALKCAAAYVPLDRNASLERQRFMLEDSQASVLLTFSDQDAPEGARRIDLDRLNLDGRTAHDPALAQSAETIAYIMYTSGSTGQPKGVLVPHRAINRLVINNGYADFNAQDRIAFASNPAFDASTMDVWGALLNGGRVIVIDHETLLEPSRFAAVLTESGATVLFVTTAIFNQYVQLIPQAIGGLRILLCGGERADAASFRRLLSLAPNLRLVHCYGPTETTTYATTYEVKTVAPDAESVPIGGPISNTQLYLLDARQQLAPLGVVGEIYIGGRGVAKGYLNRPELTAQAFIADPFSDEPGALLYRTGDLGRWLPEGQLECLGRNDDQVKIRG
BGC0000437	NZ_LIRD01000002	[835415:848543](+)	-	[838958:842045]	nrpspksdomains_ctg3_709_Condensation_Dual.2	['gly', 'ala', 'val', 'leu', 'ile', 'abu', 'iva']	['val', 'leu', 'ile', 'abu', 'iva']	ile	2.80E-28	89.7	QDIYPLAPLQEGILYHHISAGQGDPYVLQSLFAFDSEARLQAFTQALQGVIDRNDILRTAVLWEGLEQPVQVVWRQARLDVEHVALSREDGDVVTQLHARFDSRHHRLDIRQAPLMCLRVAEDPANQRWVAMLLFHHIALDHTALEVVQQEMQAHLLGQEGGLAAAMPYRNYVAQARLGVSQTQHEDFFREMLGDIDEPTLPFGLQQVQGDGSGIEEAKLEVNAELSRRLRAQARQLGVSAASLHHLAWAQVIGRLSGREDVVFGTVLMGRMQGGDGADRALGMFINTLPLRVSLDE
BGC0000437	NZ_LIRD01000002	[835415:848543](+)	-	[838958:842045]	nrpspksdomains_ctg3_709_PCP.2	['gly', 'ala', 'val', 'leu', 'ile', 'abu', 'iva']	['val', 'leu', 'ile', 'abu', 'iva']	ile	2.80E-28	89.7	EQTLAGLWADLLNVEQVGRRDNFFELGGHSLLAMRLIERMRQVDLAVDVRVLFSQPTLLALAAAVGG
BGC0000437	NZ_LIRD01000002	[835415:848543](+)	-	[842189:845285]	nrpspksdomains_ctg3_709_AMP-binding.3	['ser', 'thr', 'dhpg', 'hpg']	['ser']	ser	3.60E-28	89.4	FEAQVSSGPDAVAVSFEDSHWTYAELNRHANQIAHRLIELGIRPDDRVAICVDRSLEMVAGLLGILKSGAAYVPLDPDYPADRLAYMLENSAPAVVLTQRSLQGSLPATDADILLLDGDGFSNQPTVDPVVESLSADNLAYVIYTSGSTGMPKGVMNEHGGVVNRLLWMQDEYQLTPSDSVLQKTPFSFDVSVWEFFWPLFTGARLVMARPGGHREPAYLREVIQTERITTLHFVPSMLDVFLAAGDVSDCKGLVRVMSSGEALPGQLVRRFKLQLPGTELHNLYGPTEAAVDVTAWNCAGPDTPDSTPIGKPVANTQIYLLDAHQQPVPMGVAGEIYIAGVQVARGYLHRPELTVERFLTDPFSTTQNARMYRTGDLGRYLADGNIIYLGRNDDQVKIRG
BGC0000437	NZ_LIRD01000002	[835415:848543](+)	-	[842189:845285]	nrpspksdomains_ctg3_709_Condensation_Dual.3	['ser', 'thr', 'dhpg', 'hpg']	['ser']	ser	3.60E-28	89.4	QDIYPLAPLQEGILFHHLSAEHGDPYVLQSQFGFESRARFNDFAQALQQVINRHDILRTSMAWEGLAEPMQVVWRQAPLVCEQFEPASGDVAEQLYAHFDARHYRLDVRQAPMLRLVFAEDVANQRWVATLLFHHMVLDHTALETLEHEMQAHLLGHGQRLGAAVPYRNYVAQARLGVSQDQHEAFFREMLGDIDEPTLPFGLQDVQGDGTGVTEVKRAVDAGLSQRLRAQARQLGVSAASVVHLAWAQVLGRVSGRDEVVFGTVLLGRMQGGEGADRALGMFINTLPLRVSLG
BGC0000437	NZ_LIRD01000002	[835415:848543](+)	-	[842189:845285]	nrpspksdomains_ctg3_709_PCP.3	['ser', 'thr', 'dhpg', 'hpg']	['ser']	ser	3.60E-28	89.4	ETTLAQLWSDLLNVEQVGRHDHFFELGGHSLLAVKLIEQMRQAGLSADVRVLFGQPTLMALAAAVGG
BGC0000437	NZ_LIRD01000002	[835415:848543](+)	-	[845429:848480]	nrpspksdomains_ctg3_709_AMP-binding.4	['gly', 'ala', 'val', 'leu', 'ile', 'abu', 'iva']	['gly', 'ala']	ala	9.30E-26	81.6	FEAQVERTPDVVAVVFGEQRLSYRELNERANRLAHHLRGQGVRPDSRVAICVERSADMVVGLLAILKAGGGYVPLDPAYPLDRIAYMLQDSAPAVVLAQASTLGLLAQASMPVIDLDSSIWQDESVSNPVIEGLTSAHLAYVIYTSGSTGLPKGVMIEHRNTVNFLTWAHRSFDGATLAKTLFATSLNFDLAVYECFAPLTSGGSINVVTNVLEPRDDITLINTVPSALKALLESGGLSKSVHTVNVAGEALKRSLVENLFEQTSVQRLCNLYGPSETTTYSSWVSMDREDGFAAHIGKPVANTQFYLLDEHQQPVPLGVPGEIYIGGAGVARGYLNRDDLTAERFLTDPFRTNARMYRTGDLGRYLKDGNIEYLGRNDDQVKIRG
BGC0000437	NZ_LIRD01000002	[835415:848543](+)	-	[845429:848480]	nrpspksdomains_ctg3_709_Condensation_Dual.4	['gly', 'ala', 'val', 'leu', 'ile', 'abu', 'iva']	['gly', 'ala']	ala	9.30E-26	81.6	QDIYPLAPLQEGILYHHLAAAQGDPYLQYVVFGFDSFARLEGFSEALQAVVARHDILRTGVQWEGLAEAVQVVWRDAPLAFESVTLDPALGDIATQLHERFDPRHYRLDIRQAPMMRIAYAQDTANQRWIGMLLFHHLVDDATSLAVLASEIEAHMLGQGQRLAASVPYRNYVAQARLGVSREKHEAFFRDMLADVDEPTLPFGLQDVQGDGSGIEDLRQDVDADLSRRLRLQARQLGVSAASLYHLVWGQVLAKISGKDDVVFGTVLIGRMQGGEGADRALGMFINTLPLRVTLG
BGC0000437	NZ_LIRD01000002	[835415:848543](+)	-	[845429:848480]	nrpspksdomains_ctg3_709_PCP.4	['gly', 'ala', 'val', 'leu', 'ile', 'abu', 'iva']	['gly', 'ala']	ala	9.30E-26	81.6	ETKLSVLWAELLKVERVGRHDHFFELGGHSLLAVSLIERMRQDNMEADVRVLFGAPTLASVAAAVGQV
BGC0000437	NZ_LIRD01000002	[848881:879715](+)	+	[849166:852250]	nrpspksdomains_ctg3_710_AMP-binding.1	['gly', 'ala', 'val', 'leu', 'ile', 'abu', 'iva']	['val', 'leu', 'ile', 'abu', 'iva']	val	8.70E-28	88.1	FEAQVLAHPDATAAVHDGQRLTYRELNAKANGLAHYLVDLGVRPGESVAILLERSLELLISQLAVLKCAAVYVPLDISAPVERQGFMVQDSGARMVLTLSTESVPEDARRVDLDRVALDGFAHDQHLPQSSESPAYIMYTSGSTGTPKGVLVPHRAINRLVINNGYADFNAEDRVAFASNPAFDASTLDVWAPLLNGGCVVIVEQDVLLSQERFRALLLEQKISVLWMTAGLFHQYAAGLMSVFGQLRYLIVGGDVLDPAVISRVLKEGAPQHLLNGYGPTEATTFTTTYEINTVGEGSIPIGRPVGNSRVYVLDAWQRPVPVGVAGELYIGGDGVANGYLNRPELTAEKFVADPFNADPSALLYRTGDLARWLADGNVEYLGRNDDQVKIRG
BGC0000437	NZ_LIRD01000002	[848881:879715](+)	+	[849166:852250]	nrpspksdomains_ctg3_710_Condensation_Dual.1	['gly', 'ala', 'val', 'leu', 'ile', 'abu', 'iva']	['val', 'leu', 'ile', 'abu', 'iva']	val	8.70E-28	88.1	QDIYPLAPLQEGILYHHLAAEQGDPYVLQALFGAEQRSHLENFTQALQGVIDRHDILRTSVVWEGLDEPVQVVWHAATLPLEELALDPAHGDILGQLRERFDTRQHRLDVGRAPLMRLVCAQDLEQNRWVAILLFHHMALDHAALELVQHEMQAFLLGEGDALPAAMPFRNYVAQVRLGVGRDAHEAFFRDMLGEVDEPTLPFGLAGVPELDPVIEEVHLSVDASLSLRLRAQARQLGVSAASLHHLAWARVLGCVSGREDVVFGTVLMGRMQGGDGSDRALGMFINTLPLRVKLA
BGC0000437	NZ_LIRD01000002	[848881:879715](+)	+	[849166:852250]	nrpspksdomains_ctg3_710_PCP.1	['gly', 'ala', 'val', 'leu', 'ile', 'abu', 'iva']	['val', 'leu', 'ile', 'abu', 'iva']	val	8.70E-28	88.1	EEVLARLWADVLKVERVGRHDHFFELGGHSLLAVTLIERMRQAELSADVRILFSQPTLAALAAAVGSG
BGC0000437	NZ_LIRD01000002	[848881:879715](+)	+	[852391:855442]	nrpspksdomains_ctg3_710_AMP-binding.2	['gly', 'ala', 'val', 'leu', 'ile', 'abu', 'iva']	['gly', 'ala']	ala	2.00E-26	83.7	FEAQVERTPDAVAVVYGEQRLSYRELNERANRLAHYLRGQGVKPDSRVAICVERSADMVVGLLAILKAGGGYVPLDPAYPLDRIAYMLEDSAPAVVLAQTATLGLLSEASMPVIDLDHSIWQDESVANPVIEGLTSAHLAYVIYTSGSTGLPKGVMIEHRNTVNFLTWAHRSFDNATLAKTLFSTSLNFDLAVYECFAPLTSGGSIDVVTNVLELRDDITLINTVPSALKALLESGGLSKNVHTVNVAGEALKRSLVENLFEQTQVQRLCNLYGPSETTTYSSWVSMDREDGFAAHIGKPVANTQFYLLDEHQQPVPLGVPGEIYIGGAGVARGYLNRDDLTAERFLTDPFRTNARIYRTGDLGRYLKDGNIEYLGRNDDQVKIRG
BGC0000437	NZ_LIRD01000002	[848881:879715](+)	+	[852391:855442]	nrpspksdomains_ctg3_710_Condensation_Dual.2	['gly', 'ala', 'val', 'leu', 'ile', 'abu', 'iva']	['gly', 'ala']	ala	2.00E-26	83.7	QDIYPLAPLQEGILYHHLAAEQGDPYVLQTQFAFENQERLDAFIQALQVVIDRHDILRTGVVWEGLESPAQVVWREAKLHLEQVTLDPAAGDAVAQLSQRFDPRHHRLDVSQAPMMRLAFAQDEANQRIVATLLFHHMALDHTAMEVVQHEMQAYLQGEADQLTDAVPYRNYVAQARLGVSREEHEAFFREMLGDIDEPTLPFGLQDVQGDGRDIEEHARFVDTELDLRLRAQARQLGVSAASLVHLAFAQVLGKVSSKQDVVFGTVLMGRMQGGDGADRALGMFINTLPLRVDVG
BGC0000437	NZ_LIRD01000002	[848881:879715](+)	+	[852391:855442]	nrpspksdomains_ctg3_710_PCP.2	['gly', 'ala', 'val', 'leu', 'ile', 'abu', 'iva']	['gly', 'ala']	ala	2.00E-26	83.7	EIALAHIWQDLLGLQQVGRHDHFFELGGHSLLAVSLIGRMRQLDLSADIRVLFGQPTLAALAAAVGG
BGC0000437	NZ_LIRD01000002	[848881:879715](+)	+	[855586:858667]	nrpspksdomains_ctg3_710_AMP-binding.3	['gly', 'ala', 'val', 'leu', 'ile', 'abu', 'iva']	['val', 'leu', 'ile', 'abu', 'iva']	val	6.30E-29	91.8	FEAQVHAQPEATAAVHDTQMLTYNELNIRANQLAHHLIGLGVQPGDSVAILLERSLELLISQLAILKCAAVYVPLDFSAPTERQGFMVQDSGARMVLTLSTTTVPEDAKRVDLDSVTLDNLTTDPQLPQSSEAPAYIMYTSGSTGTPKGVLVPHRAINRLVINNGYAEFNAQDRVAFASNPAFDASTLDVWAPLLNGGCVVIVEQDVLLSQERFSALLLEQKISVLWMTAGLFHQYAAGLMSVFGQLRYLIVGGDVLDPAVIGRVLKEGAPQHLLNGYGPTEATTFSATYEIKKAGEGSIPIGRPVGNTRLYLLDPQGSPVPIGVAGELYIGGDGVAKGYLNRPELTAEKFVADPFSTEPQALLYRTGDLGRWLPDGNVEYLGRNDDQVKIRG
BGC0000437	NZ_LIRD01000002	[848881:879715](+)	+	[855586:858667]	nrpspksdomains_ctg3_710_Condensation_Dual.3	['gly', 'ala', 'val', 'leu', 'ile', 'abu', 'iva']	['val', 'leu', 'ile', 'abu', 'iva']	val	6.30E-29	91.8	QDIYPLAPLQEGILYHHIAASQGDPYVLKATFTVADRERLDAFAHALQSVIDRHDILRTSVVWQGLDEPVQVVWRKAQLAVEEIKFDAGEGEIADRLRAQFDTLHYRLDMQQAPLMRIAFSQDVPNQRWVAMLLFHHMALDHVALEVVQQEMQAHLLGQSEHLGDAVPYRNYVGQARLGVSREEHEAFFRDMLGDIDEPTLPFGLQDVRGDGSDIEESALDLSTDLSRRLRAQARQLGVSVASLHHLAWAQVLGRVSGREDVVFGTVLMGRMQGGEGAERALGMFINTLPLRVSLG
BGC0000437	NZ_LIRD01000002	[848881:879715](+)	+	[855586:858667]	nrpspksdomains_ctg3_710_PCP.3	['gly', 'ala', 'val', 'leu', 'ile', 'abu', 'iva']	['val', 'leu', 'ile', 'abu', 'iva']	val	6.30E-29	91.8	EETLARLWADVLKVERVGRHDHFFELGGHSLLAVTLIERMRQAELSADVRVLFSQPTLAALAAAIGSG
BGC0000437	NZ_LIRD01000002	[848881:879715](+)	+	[858808:861928]	nrpspksdomains_ctg3_710_AMP-binding.4	['ser', 'thr', 'dhpg', 'hpg']	['thr']	thr	5.90E-28	88.7	FEARAAAQPDAVAVVYEDLSLTYGELNARANQMAHRLLALGVRPDDRVAICVERGLEMIVGLLGILKSGAGYVPLDPAYPAERIAYMLYDSAPVALLTQLPLRDQLPQMNIPTLLLDLIEASHEAPPAQHNPDIPGLTSAHLAYVIYTSGSTGLPKGVMIEHRNVARLFSATQPWFNFGPQDVWALFHSFAFDFSVWEIWGALTHGGQLLVVPQLVSRSPQYCYALLCEAGVTILNQTPSAFRQLIAAQGEIDLSHSLRQVIFGGEALETGILKPWYARAQNAQTQLVNMYGITETTVHVTYRALDAADAQLIGVSPIGGRIPDLQLYVLDAQCEPVPVGVIGEMYVGGAGVARGYLNRDELTAERFLDNPFSAEPGARMYRTGDLGRWLADGSVEYLGRNDDQVKIRG
BGC0000437	NZ_LIRD01000002	[848881:879715](+)	+	[858808:861928]	nrpspksdomains_ctg3_710_Condensation_Dual.4	['ser', 'thr', 'dhpg', 'hpg']	['thr']	thr	5.90E-28	88.7	QDIYPLAPLQEGILYHHLAAEQGDPYVLQTQFAFDSRERFDAFVQALQVVIGRHDILRTSVVWEGLDEPVQVVWRDVLLTPEHIELDPAAGDISTQLGTLFDARHYRLDLRHAPLMHLAYAHDAAQNRWVAILLFHHLALDHTALDVMQHEMQLHLLGQDDQLGEAMPYRNYVAQAKFGLSADDHEAFFREMLGEVDEPTLPFGLQDVQGDGHGIDEARQPVDLALSKRLRAQARQLGVSAASLVHLAWAQVLGKVSGKQDVVFGTVLLGRLQAGDGADRALGMFINTLPLRVDVG
BGC0000437	NZ_LIRD01000002	[848881:879715](+)	+	[858808:861928]	nrpspksdomains_ctg3_710_PCP.4	['ser', 'thr', 'dhpg', 'hpg']	['thr']	thr	5.90E-28	88.7	EIAIAKIWQELLQLEQVGRHDHFFELGGHSLLAVKLIERMRQVDLAADVRVLFGQPTLAALAAAVGG
BGC0000437	NZ_LIRD01000002	[848881:879715](+)	+	[862072:865186]	nrpspksdomains_ctg3_710_AMP-binding.5	['ser', 'thr', 'dhpg', 'hpg']	['thr']	thr	1.00E-27	87.9	FETRAAAQPDAVAVVFEDLTLTYGELNAQANQVAHHLIGLGIRPDERVAICVERGLEMIVGLLGILKSGAGYVPLDPAYPQDRISYLLEDSTPAAVLAQASTRWLLEAVAVPVVDLDGGSWQGESVTNPDVDGLTSAHLAYVIYTSGSTGLPKGVMVEHRNVARLFSATEAWFNFGPQDVWALFHSFAFDFSVWEIWGALTHGGRLLVVPQLVSRSPADCYALLCEAGVTVLNQTPSAFRQLIAAQNTTAHSLRQVIFGGEALDTGILKPWYARSQNAQTQLVNMYGITETTVHVTHRPLTAADALLVGVSPIGGRIPDLQLYVLDARLEPVPVGVVGEMYVGGAGVARGYLNRPELNTERFIPDIFSGRADARLYRTGDLGRWLADGTVEYLGRNDDQVKIRG
BGC0000437	NZ_LIRD01000002	[848881:879715](+)	+	[862072:865186]	nrpspksdomains_ctg3_710_Condensation_Dual.5	['ser', 'thr', 'dhpg', 'hpg']	['thr']	thr	1.00E-27	87.9	QDIYALAPLQEGILYHHLAAEKGDPYLQFAMFSFDTRERLNIFANALQGVVSRHDILRTGVVWEGLDEPVQVVWRAAQLGLDEIVLDPAAGDIAEQLRERLDPRHYRLDIRQAPMMRIGYAEDPVNNRWIGMLLFHHMVDDATSLGMLTAEIEAHMLGQEHLLGTSVPYRNYVAQARLGISREDHEVFFRDMLGDIDEPTLPFGLQDVQGEGRDIEEVRQVVDAALSKRLRAQARQLGVSAASVYHLAWAQVLASVSGKDDVVFGTVLLGRMQGGEGADRALGMFINTLPLRVSLG
BGC0000437	NZ_LIRD01000002	[848881:879715](+)	+	[862072:865186]	nrpspksdomains_ctg3_710_PCP.5	['ser', 'thr', 'dhpg', 'hpg']	['thr']	thr	1.00E-27	87.9	ESTIAGIWQDLLKIEQIGRHDNFFELGGHSLLAVKLIERMRQVDLAADVRVLFGQPTLAALAAAVGDQ
BGC0000437	NZ_LIRD01000002	[848881:879715](+)	+	[865327:868387]	nrpspksdomains_ctg3_710_AMP-binding.6	['gly', 'ala', 'val', 'leu', 'ile', 'abu', 'iva']	['gly', 'ala']	ala	3.90E-27	86.0	FEAQVERTPDAVAVVHGLEQLSYRELNNRANQLAHYLRGLGVKPDSRVAICVERSADMVVGLLAILKAGGGYVPLDPAYPLDRIAYMLEDSAPAVVLAQASTLGLLAEASMPVIDLDSGIWQDESVSNPVIDGLTSAHLAYVIYTSGSTGLPKGVMIEHRNTVNFLTWAHRSFDEATLAKTLFSTSLNFDLAVYECFAPLTSGGRITVVKNVLEPQHDITLINTVPSALKALLESGGLSANVHTVNVAGEALKRSLVENLFEQTSVQRLCNLYGPSETTTYSSWVSMDREDGFAAHIGKPVANTLFYLLDEHGQPVPLGVAGEIYIGGAGVARGYLNRDDLTAERFLTDPFSTNGRMYRTGDLGRYLPDGNIEYLGRNDDQVKIRG
BGC0000437	NZ_LIRD01000002	[848881:879715](+)	+	[865327:868387]	nrpspksdomains_ctg3_710_Condensation_Dual.6	['gly', 'ala', 'val', 'leu', 'ile', 'abu', 'iva']	['gly', 'ala']	ala	3.90E-27	86.0	QDIYALAPLQEGILYHHLAATQGDPYVLQVLFGFDGRDRVDAFAEALQSVVSRNDILRTSMVWQGLAAPVQVVWRRAQMVVEEVATDPAAGDVVQQLHERFDPRHYRLDISQAPLMRLAYAQDPANNRWVGMLLFHHMALDHTALEVVVHEMQAHLLGQSGQLGAAVPYRNHVAQARLGVSREQHEAFFRDMLGDIDEPTLPFGLQDVQGDGSGIEEQHQMVDMALALRLRVQARQLGVSAASLVHLAWAQVVGRVSGREEVVFGTVLMGRMQGGEGADRALGMFINTLPLRVSVG
BGC0000437	NZ_LIRD01000002	[848881:879715](+)	+	[865327:868387]	nrpspksdomains_ctg3_710_PCP.6	['gly', 'ala', 'val', 'leu', 'ile', 'abu', 'iva']	['gly', 'ala']	ala	3.90E-27	86.0	EIALAHIWQDLLGLPQVGRQDQFFELGGHSLLAIQLISQVRLRLGVELGLADLFVQPELAALAQAVAQAS
BGC0000437	NZ_LIRD01000002	[848881:879715](+)	+	[868429:871564]	nrpspksdomains_ctg3_710_AMP-binding.7	['gly', 'ala', 'val', 'leu', 'ile', 'abu', 'iva']	['N/A']	N/A	8.20E-28	88.2	FEAQVEAQPDAIAVVFDGEQLSYAELNRQANQLAHHLIGLGIRPDDRVAICVERGAEMLVGLLAILKSGAGYVPLDPAYPAERLAYMLSDSTPSLLLTQRALQANLPTLDIPVVLLDKVERIVDGYDDNPVILSLGVRHLAYVIYTSGSTGTPKGVMIEHRGLVNYTLDAIRLFGLTNADTVLQQNTLNFDLSVEEIFPALIAGATLAPSRNIFGTSQDDVRPTFLHLTAAHWHTLAAEWHYNPALAQEQLRDVRLINVTGDALSTQKLQMWEQIRPAHTRLVNTYGPTEATVSCTASYVTFEALNSNASIGTPMANTRIYLLDAHLKPVPFGVTGEIYIGGDGVARGYLNLDKITAERFLADPFSDVHNARMYKTGDLARYRPDGGLEYQGRNDFQVKVRG
BGC0000437	NZ_LIRD01000002	[848881:879715](+)	+	[868429:871564]	nrpspksdomains_ctg3_710_Condensation_LCL.1	['gly', 'ala', 'val', 'leu', 'ile', 'abu', 'iva']	['N/A']	N/A	8.20E-28	88.2	EDLPLSFAQQRLWFLAQMEGGSAAYHMPAGLRLRGTLDTDALQRALDRIVFRHEALRTTFVQTKGEEALQRFAAADCGFTLRQQDLRGQADAEAQLQVLAAEEAVELFDLEHGPLIRGRLIRLDAQDHVLLVTMHHIVSDGWSIGVLTTELAALYEAFRHGLEDPLPALTVQYADYAVWQRRWLSGEVLQTQNLYWQQTLADAPALLMLPTDRPRPPQQDYSGAAIPLVFDEGLTAALKNLSQRHGTTLYTTLMTGWALLLSRLSGQDEVVIGSPVANRTRAEVEGLIGFFVNTLAVRVDVSG
BGC0000437	NZ_LIRD01000002	[848881:879715](+)	+	[868429:871564]	nrpspksdomains_ctg3_710_PCP.7	['gly', 'ala', 'val', 'leu', 'ile', 'abu', 'iva']	['N/A']	N/A	8.20E-28	88.2	EIALAQIWQDLLKVEAVGRHDHFFELGGHSLLVMRLISQVRQQLGVEMSLTDVFAHPSLIALAQVLSQAA
BGC0000437	NZ_LIRD01000002	[848881:879715](+)	+	[871606:874732]	nrpspksdomains_ctg3_710_AMP-binding.8	['ser', 'thr', 'dhpg', 'hpg']	['ser']	ser	2.90E-28	89.7	FEAQVASRPDAIAVSFEHSHWTYAELNRHANQVAHRLIELGIRPDDRVAICVDRSLEMVAGLLGILKSGAAYVPLDPDYPADRLAYMLENSAPAVVLTQRSLQGSLPATDADILLLDGDGFSNQPTVDPVVESLSADNLAYVIYTSGSTGMPKGVMNEHAGVVNRLLWMQDEYQLTAADTVLQKTPFSFDVSVWEFFWPLFTGARLVMARPGGHREPAYLREVIQTERITTLHFVPSMLDVFLAAGDVSECKGLVRVMCSGEALPGQLVRRFKLQLPGTELHNLYGPTEAAVDVTAWNCAGPDTPDSTPIGKPVANTQIYLLDAHQQPVPMGVAGEIYIAGVQVARGYLHRPELTGERFLTDPFSTTQNARMYRTGDLGRYLADGNIIYLGRNDDQVKIRG
BGC0000437	NZ_LIRD01000002	[848881:879715](+)	+	[871606:874732]	nrpspksdomains_ctg3_710_Condensation_LCL.2	['ser', 'thr', 'dhpg', 'hpg']	['ser']	ser	2.90E-28	89.7	QALPLSFAQQRLWFLAQLEGASAAYHIPTGLRLRGELDNIALTRALNRIVARHEALRTTFVQEHGRDAEQRIADADCGFALQLHSLAKHPEAEAELLIMAAEEAREAFDLERGPLIRGRLVRMAEDDHVLLVTMHHIVSDGWSADVLTRELGVLYEAFRAGRADPLPELAVQYADYAIWQRLWLTGEVLSQQEVYWQQALSGAPALLTLPTDRPRPAQQDYSGSAVGLALDETLTSELKALSQRQGTTLFMTIMAAWATVLSRLSGQSDVVIGTPAANRLRAEVEDLIGFFVNTLALRVEVSA
BGC0000437	NZ_LIRD01000002	[848881:879715](+)	+	[871606:874732]	nrpspksdomains_ctg3_710_PCP.8	['ser', 'thr', 'dhpg', 'hpg']	['ser']	ser	2.90E-28	89.7	ETTLARLWAELLKVEQVGRHDHFFELGGHSLLAVTLIERMRQAGLSADVRVLFGQPTLAALAAAVGG
BGC0000437	NZ_LIRD01000002	[848881:879715](+)	+	[874876:878809]	nrpspksdomains_ctg3_710_AMP-binding.9	['gly', 'ala', 'val', 'leu', 'ile', 'abu', 'iva']	['val', 'leu', 'ile', 'abu', 'iva']	ile	2.50E-28	91.8	FEAQAAARPDAIAVEHAGLQMTYGELESRANRLAHYLRDQGVTPQARVAILLNRSFDLIISELAILKCAAVYVPLDHHAPQDRQRFMLEDSAATLILTSSDRVVPEGTLRVDLDTLLLPDESPAAEPIQASDTPAYIMYTSGSTGQPKGVIVPHLAIGRLVINNVYADFSEQDRVAFASNPAFDASTMEVWGALLNGGRIVVIDHEALLNPTSFAEVLTDSGATALFLTTAMFNHYVMLIPDALARLRILMCGGERADPMSFRRLLAHAPALQLLNCYGPTETTTFATTQRVTSVPDGAVNIPIGRPISNTRIYILNAAGQPVPVGVAGEIHIGGAGVALGYLNRPDLTKESFIIDPFSDTTGARLYRTGDLGRWLPDGSVEYLDRNDGQVKIRG
BGC0000437	NZ_LIRD01000002	[848881:879715](+)	+	[874876:878809]	nrpspksdomains_ctg3_710_Condensation_Dual.7	['gly', 'ala', 'val', 'leu', 'ile', 'abu', 'iva']	['val', 'leu', 'ile', 'abu', 'iva']	ile	2.50E-28	91.8	QDIYALAPLQEGILYHHLAAQQGDLYLQQALFNLADRARLEAFIDALQGVIGRHDILRTAVLWEGLREPVQVVLREARLIVDECVVEHGDVSAQLRERFDPSHYRLDVREAPLMRLAFAYDEARQHWVALLLFHHIALDHTALEVIQHEMQAYLLGQQAQLGEAVPYRNYVAQARLGMSEGAHEAFFSDMLSDIKEPTLPFGLHDVEGDATGVEQAQLVVEEGLSRRLRAQARQLGVSAASLHHLAWAQVVAGVSGREDVVFGTVLMGRMQGGEGADRALGLFINTLPLRVDVA
BGC0000437	NZ_LIRD01000002	[848881:879715](+)	+	[874876:878809]	nrpspksdomains_ctg3_710_PCP.9	['gly', 'ala', 'val', 'leu', 'ile', 'abu', 'iva']	['val', 'leu', 'ile', 'abu', 'iva']	ile	2.50E-28	91.8	ETTLAALWAEVLKLDRIGRHDNFFEMGGHSLLAIRLIGLLAQADLSVSLAELFQHESIASMASMLEAR
BGC0000437	NZ_LIRD01000002	[848881:879715](+)	+	[874876:878809]	nrpspksdomains_ctg3_710_Thioesterase.1	['gly', 'ala', 'val', 'leu', 'ile', 'abu', 'iva']	['val', 'leu', 'ile', 'abu', 'iva']	ile	2.50E-28	91.8	PLFLVHEFSGLDVYFPALGKHIDPDTPVYGLPGIPWGEQQLQTMECLATRLLGIIRSVQPQGPYRLAGWSFGGVLAYEIAIQLIGLDEKVEFLGLIDTYLPRLVDQGRARWSPVDAHKVHLLDRCEVFWKAQDSDVSAVLAKLTRLQVNTFDFEALVQHCAAEGLLPAELADYSAAQLWHYLDREVAHGHALAHYTVYPVSAPVHLFIAEQRKDDAPAHSGYLGWDAVLPKAQIQCVTVPGDHQTMMQAPHIQTLARFIDEALH
BGC0002001	NZ_LIRD01000005	[197962:202165](+)	-	[198124:201766]	nrpspksdomains_ctg6_159_AMP-binding.1	['gly', 'ala', 'val', 'leu', 'ile', 'abu', 'iva']	['gly', 'ala']	gly	6.40E-33	106.8	AAQAEQTPDAVALIVGDDCLTYAQLDARANQLAHKLIEAGVGPDRLVGIAVERSVEMIVGLLAILKAGGAYVPLDPAYPEDRLAYMIEDSGLELLLTQSHLQARLPIPAGLKTLLLDQAAEWLATYPQTCPTVALSGEHLAYVIYTSGSTGKPKGVMVRHAALCNFVESMVHQPGLAAQDRMLSLTTFSFDIFGLEIYGPLLAGARVVLTGKDVHQDPQAVLELIERHGVTVLQATPSTWRMLLDHEQASILTGRMFLCGGEALPQELAERMLALSPKVRNLYGPTETTIWSALHPLTRENPRPYLGKPIDNTALYILGSDLELNPIGAPGELLIGGDGLARGYFQRPALTAERFVPDPFSFSGERLYRTGDLTRYRAEGVIEYIGRIDHQVKIRG
BGC0002001	NZ_LIRD01000005	[197962:202165](+)	-	[198124:201766]	nrpspksdomains_ctg6_159_Condensation_LCL.1	['gly', 'ala', 'val', 'leu', 'ile', 'abu', 'iva']	['gly', 'ala']	gly	6.40E-33	106.8	TPAPLSFAQQRLWFVQQLTPDSAAYNLPRVMRISGALQAQRLEIALNRVLDRHDILRTAFREIDGVAMQVVDAQARLVLDVEDLSELADEDRARQIAQRIEAQAGAPFDLRQAPLMRATLLKVGAAEHLLLMNMHHIVSDAWSNAILMQDLNRAFAQASDADAPPLPRPPIQYADYAAWQRDDYLHSATCANSADYWQNYLGTPLPTLDLPVDFPRSAQQRHPAGKHEFELPGSLSTALNRFCQQQGLTPFVVALGAWQLLLSRYSGQRDFTVGVPNATRNRSETQGLVGFFVSSQVYRVRLDP
BGC0002001	NZ_LIRD01000005	[197962:202165](+)	-	[198124:201766]	nrpspksdomains_ctg6_159_PCP.1	['gly', 'ala', 'val', 'leu', 'ile', 'abu', 'iva']	['gly', 'ala']	gly	6.40E-33	106.8	EKALAELWQEALQVKRVSLDDNFFELGGHSILAIQFISQLHARLGIKLALQQMLAYPTVEVLARFIAQEH
BGC0002001	NZ_LIRD01000005	[197962:202165](+)	-	[198124:201766]	nrpspksdomains_ctg6_159_Thioesterase.1	['gly', 'ala', 'val', 'leu', 'ile', 'abu', 'iva']	['gly', 'ala']	gly	6.40E-33	106.8	LFCLHPSGGIVFCYQPLAKKLAPHAKTFGVMHKGFADKASGAQTWAEMITDYSAQIVEQQPHGPYRLMGWSLGGAIAMDIAARLEQQGHEVSFLGLVDTNVPERDLPADLPRKPLEQDNPNHLSAENELKAALEVFTLMFAHLETAAASFI
BGC0000413	NZ_LIRD01000005	[210051:223575](-)	-	[211569:212475]	nrpspksdomains_ctg6_163_Condensation_LCL.3	['asp', 'asn', 'glu', 'gln', 'aad']	['asp', 'asn']	asp	3.10E-100	326.8	HRAPLSLVQRRLWIAEQLSGGTAAYGMPMALRLRGELSVERLIGSFAEVVRRHEVLRTAYTQDDEGDPIAVIAEQVDVDFPVIDLSGLSRSAQEELVAQAALENARTPIDMEHAPLLRGRILHLGPTEHVMLYAMHHIISDGWSMGLLVNELVQIYERTKAGDLNPLPPLDVQYSDFALWQQELEQQGVLARQAEYWKTRLAGYNGQLKLPADNPRGLTPSYEGDAVQFQLTPSLSAALRKVSMDAGVTLYSTLLASFQVLLHQVSGAADVLVGADVAGREQPELERLIGFFVNVLPLRSQFD
BGC0000413	NZ_LIRD01000005	[210051:223575](-)	-	[212532:215658]	nrpspksdomains_ctg6_163_AMP-binding.3	['asp', 'asn', 'glu', 'gln', 'aad']	['N/A']	N/A	1.30E-109	357.7	FELQAERTPDALALIFDEQRLSYAQLNAQANQLARVLLQHGVAPEVLVGIAVERSTQMIISLLAVLKAGGAYVPLDPEYPAERLGAMIEDSGLRVLLTQRHLAATLPTAAGVTVLSLDQLDYPTQTDNLPERSGRQNLAYVMFTSGSTGRPKGVGITQSALTRHTQVALDVLGLTPQDRSLQFATFNFDAFVEQLYPALICGASVVLRGQDIWDSETWYRELLDKQFSVSDLTTAYWNMLAKDLAAAGHRDYGVLRQMIVGGEAMPPEGVATWGQAGLGHVRLLNTYGPTEATVSATVLDCSDYVSGRLPLPVSMPIGRALGGRGIHVLDTQGQPAPVGVVGELVIGGELLARGYFQRPELTAERFIPDPFDPVGGGRVYRTGDLARYRADGVIEYVGRLDHQVKIRG
BGC0000413	NZ_LIRD01000005	[210051:223575](-)	-	[212532:215658]	nrpspksdomains_ctg6_163_Condensation_DCL.1	['asp', 'asn', 'glu', 'gln', 'aad']	['N/A']	N/A	1.30E-109	357.7	DIYPLSPMQQGMLFHTLYEQQAGDYINQMCVDVEGLDVERFREAWQAAVGAHDVLRSSFVWDGEFKRPLQVIHKQLAVPFTFHDWRAHSDVALALSELAAAQRQQGFDLASAPLLNLTVVRLDTARYHLIYTSHHILMDGWSNSQLLGEVLQRYSGQVPANTAGRYRDYIEWLTQQDAQVTEGFWKGQLAGFDEPTRLAKALVWTGSEATNSAQGEHFLTLDLTQTAGLNAFAREQKVTLNTMVQAAWLLLLQRYTGLDTVSFGATVSGRPAQLVGVEQQIGLFINTLPVVASP
BGC0000413	NZ_LIRD01000005	[210051:223575](-)	-	[212532:215658]	nrpspksdomains_ctg6_163_PCP.3	['asp', 'asn', 'glu', 'gln', 'aad']	['N/A']	N/A	1.30E-109	357.7	EQQIATVWQDVLELDQVGRDDHFFELGGHSLLATQAVSRLRKLTACTLSLRDLFSHPRLKDLAAWIAQQQ
BGC0000413	NZ_LIRD01000005	[210051:223575](-)	-	[216159:220269]	nrpspksdomains_ctg6_163_AMP-binding.2	['ser', 'thr', 'dhpg', 'hpg']	['thr']	thr	4.90E-121	395.1	EAQALRAPEAIAVTYGEQSLSYAELNARANPLAHKLIESGVGPDVRVGLAVERSLDMLVGLLAILKAGGAYVPLDPTYPEERLAYMISDSGIRLLLTQSHLLGRLPVPDSVRSLMLDQDRDGLEGYSDANPQVVMSPDNLAYVIYTSGSTGQPKGTLLAHHNVLRLFEATQDWFNFGPQDVWSLFHSYAFDFSVWEIFGALLYGGKLVVVPYEVSRSPEDFYALLCRERISVLNQTPSAFKQLMQVACAPEHAALQPSLRYVVFGGEALEVKSLRPWFERFGDQAPQLINMYGITETTVHVTYRPLTLADLQRDASSPIGEPIPDLSWYLLDGDLNPVAKGCIGELYVGRAGLARGYLNRADLTCLRFIPDPFAADGGRLYRTGDLARYRADGVIEYIGRIDHQVKIRG
BGC0000413	NZ_LIRD01000005	[210051:223575](-)	-	[216159:220269]	nrpspksdomains_ctg6_163_Condensation_LCL.2	['ser', 'thr', 'dhpg', 'hpg']	['thr']	thr	4.90E-121	395.1	QPMALSYAQERQWFLWQLEPTSSAYHVPAALRLRGTLDLAALQNSFDTLITRHESLRTRFIQQNEQTWQQIDAPSPLALTVQTLDGGLDDERLKALVAEETLALFDLQQGPLLRVKLLKLAADDHVLVLTLHHIVSDGWSMQVMVDELIELYAGYSVGQPRQLPALAVQYADYAVWQRQWMEAGERERQLGYWTAQLGGDQPLLELPADRPRPAEQSYRGARQDIPLNAELATALKQVAQRENVTLFALLLASFQTLLHRYSGQADIRVGVPVANRNRLETEGLIGFFVNTQVLKAEIDS
BGC0000413	NZ_LIRD01000005	[210051:223575](-)	-	[216159:220269]	nrpspksdomains_ctg6_163_PCP.2	['ser', 'thr', 'dhpg', 'hpg']	['thr']	thr	4.90E-121	395.1	EQRIAAIWQDVLKLPQVGLNDNFFELGGDSIISIQVVSRARQLGIRLSPKDLFQHQTVQRLALVAQV
BGC0000413	NZ_LIRD01000005	[210051:223575](-)	-	[216159:220269]	nrpspksdomains_ctg6_163_Epimerization.1	['ser', 'thr', 'dhpg', 'hpg']	['thr']	thr	4.90E-121	395.1	GAALLLPIQQQFFDDQIPERHHWNQSVLLKPRVALDAEKIEQVLRGLVAHHDALRLSFTPHNDGWVAEHQSIEQLQQPLLWQESVADAAKLEALGNRAQRSLDLQQGPLLRAVLATLADGTQRLLLVIHHLAVDGVSWRILLEDLQNGYQQLLDGQALKLPAKTSAFKDWSEHLQRYANSPALQQELAYWQACLSDVSTDLPCLRDDAGQQNHLRVNVQTRLNQSLTRQLLQEAPAAYRTQVNDLLLTALARVIGRWTGQPSTLIQLEGHGREELFDGVDLTRTVGWFTSLFPVRLTPAS
BGC0000413	NZ_LIRD01000005	[210051:223575](-)	-	[220320:223452]	nrpspksdomains_ctg6_163_AMP-binding.1	['gly', 'ala', 'val', 'leu', 'ile', 'abu', 'iva']	['gly', 'ala']	gly	4.80E-122	398.4	AAQAEQTPDAVALIVGEHSLTYAQLDARANQLAHKLIEAGVGPDRLVGIAVERSVEMIVGLLAILKAGGAYVPLDPAYPEDRLAYMIEDSGLELLLTQSHLQAQLPIPAGLNTLLLDQPQTWLAAYPQTCPTVALNGEHLAYVIYTSGSTGKPKGVMVRHAALCNFVESMVHQPGLNPHDRMLSLTTFSFDIFGLEIYGPLLAGARVVLTGKDVHQDPQAVLELIDRHGVSVLQATPSTWRMLLDHEQASILTGRTFLCGGEALPQELAERMLALSPKVWNLYGPTETTIWSALHPLTRENAKPYLGKPIDNTALYILGSDLELNPIGAPGELLIGGDGLARGYFERPSLTAERFVPDPFSSSGERLYRTGDLTRYRAEGVIEYIGRIDHQVKIRG
BGC0000413	NZ_LIRD01000005	[210051:223575](-)	-	[220320:223452]	nrpspksdomains_ctg6_163_Condensation_LCL.1	['gly', 'ala', 'val', 'leu', 'ile', 'abu', 'iva']	['gly', 'ala']	gly	4.80E-122	398.4	ESIPLSYAQERQWFLWQMDPHSTAYHIPNALRLKGELDVPALERSFNALVQRHDSLRTTFIEQDEKTVQVIHGQMPISIDIQALDADLAPAVLDERIKAFVEQETHRPFDLQHGPLLRVSLLKVADDDHVLALIQHHIISDGWSMQVMVKELIQHYVAQTSGQPLTLPELTVQYADYAIWQRHWLEAGERERQLAYWTATLGGEQTVLELPIDHPRPALQSFRGARLDLNLSPALATSLKQLAQREGASLFMVLLASFQALLHRYSGQPDIRVGVPVANRNRVETEGLIGFFVNTQVLNAQVH
BGC0000413	NZ_LIRD01000005	[210051:223575](-)	-	[220320:223452]	nrpspksdomains_ctg6_163_PCP.1	['gly', 'ala', 'val', 'leu', 'ile', 'abu', 'iva']	['gly', 'ala']	gly	4.80E-122	398.4	KVAEIWQAVLKLEQVGLSDNFFELGGHSLLVTQVISRVRQALNVQVPLRTLFEHSTLQDFVAALG
BGC0000413	NZ_LIRD01000005	[223592:235946](-)	-	[223661:226748]	nrpspksdomains_ctg6_164_AMP-binding.3	['gly', 'ala', 'val', 'leu', 'ile', 'abu', 'iva']	['gly', 'ala']	ala	5.10E-106	345.9	DQQVAAQPNALAVTFANKQLTYAELDARANRLAHKLIELGVGPEVRVGVAMQRSDSLLVALLAVLKAGGAYVPLDPDYPAERVAYMLEDSHALVLLTEQAIAATLSVSANTQVLWIDQVEAQLAAYPHTTPLTRVTPDNLAYVIYTSGSTGKPKGVSIAHRNVLALIDWSQSVYSRDDIQGVLASTSVCFDLSVWELFVTLANGGSLIIARNALELVQLPARDQVRLINTVPSAINALLGADQIPPSVRIINLAGEPLKQSLVDTLYGQATVEHVFDLYGPSEDTTYSTWTRREAGGKANIGRALKHTASYLLDADLQPVPVGVSAELYLAGAGITRGYLARPGMTAEKYVPNPFSSTGERLYRTGDLCRYQADGVLEYRGRIDHQVKIRG
BGC0000413	NZ_LIRD01000005	[223592:235946](-)	-	[223661:226748]	nrpspksdomains_ctg6_164_Condensation_DCL.2	['gly', 'ala', 'val', 'leu', 'ile', 'abu', 'iva']	['gly', 'ala']	ala	5.10E-106	345.9	EDLYPLSPMQQGMLFHAVYEEATGDYINQMRLDVEGLDPERFHQAWQAAVEAHDILRTRFVWQGELDAPVQVVSKHVQMPYSLHDLRAEPQLEQALQTLADIERQRLDLNASTLLRLVIARVDDNRHHLIYTNHHILMDGWSNSQLLGEVLQRYSGQFQATHGGRYRDYINWLQRQDAAASEAFWLPALRNLDEPTRLAQAVARPADADEQGYADHFQVLDAEQTLRLSEFARASKVTVNTLVQAAWLLLLQRYTGKSTVAFGATVAGRPADLPGVEQQIGLFINTLPVIASP
BGC0000413	NZ_LIRD01000005	[223592:235946](-)	-	[223661:226748]	nrpspksdomains_ctg6_164_PCP.3	['gly', 'ala', 'val', 'leu', 'ile', 'abu', 'iva']	['gly', 'ala']	ala	5.10E-106	345.9	EQQVAAIWQHVLTVERIGLNDHFFELGGHSLLAVNVVSRVALELGLTLTPQLLFQYPVLRDFVAQLDTDG
BGC0000413	NZ_LIRD01000005	[223592:235946](-)	-	[227261:231278]	nrpspksdomains_ctg6_164_AMP-binding.2	['asp', 'asn', 'glu', 'gln', 'aad']	['N/A']	N/A	1.00E-111	364.6	AQWAAQGPERTAVIFAGQRFSYGEIDRRANQLAHALIARGVGAETRVGVALPRSEGVIVALLAVLKAGGAYVPLDTSYPRERLAYLIEDSGLALLLTDSRVSAQLPIDEATQVLELDRLDLSGQPLDAPQVQLDPQNLAYVIYTSGSTGNPKGVSVAHGPLAMHCQAIGERYEMRDSDCEFHFMSFAFDGAHERWLTSLTHGASLLIRDDSLWTPEQTYNAMRDHGVTVVAFPPVYLQQLAEHAEREGHPPKVRIYCFGGDAVPAASFERVKRALDPDYIINGYGPTETVVTPLIWKAGREVPCGAAYAPIGSRIGDRSAYVLDADLNLLPQGMAGELYLGGTGLARGYLNRPGLTAERFVADPFSNVGGLLYRTGDLVRQRADGTFDYLDRIDNQVKIRG
BGC0000413	NZ_LIRD01000005	[223592:235946](-)	-	[227261:231278]	nrpspksdomains_ctg6_164_Condensation_DCL.1	['asp', 'asn', 'glu', 'gln', 'aad']	['N/A']	N/A	1.00E-111	364.6	DLYPLSPMQQGLLFHTLYEQAAGEYINQLRVDVQGIDPERFRAAWQATVDAQDILRSGFVWQGELEQPLQIVHKHVQLPFSVLDWRARGDDAAALDGLADAERQQGFDLTQAPLLRLVLVQTAADQWHLIYTHHHILMDGWSNSQLLGEVLQRYRGRAPLAAAGRYRDYIGWLQRQDGQLSEDFWGEQLASLQEPTRLARVVSGNEALSGHGDHFQTVQATGTQALEAFARQQKVTLNTLVQAAWLLLLQRYTGHETVAFGATVAGRPADLPGIEQQVGLFINTLPVIG
BGC0000413	NZ_LIRD01000005	[223592:235946](-)	-	[227261:231278]	nrpspksdomains_ctg6_164_PCP.2	['asp', 'asn', 'glu', 'gln', 'aad']	['N/A']	N/A	1.00E-111	364.6	EQQLATIWQDVLKIDQVGLSDNFFELGGDSIISIQVVSRARQAGIRFTPKDLFQHQTIQALATVARL
BGC0000413	NZ_LIRD01000005	[223592:235946](-)	-	[227261:231278]	nrpspksdomains_ctg6_164_Epimerization.2	['asp', 'asn', 'glu', 'gln', 'aad']	['N/A']	N/A	1.00E-111	364.6	TGELALLPVQQVFFAQTIPERQHWNQAVMLKPTQTLDAVVLERALGALINHHDGLRLSFVEQADGWQAQYRAINQQADGIVWAVDVADAAGLEAVANEAQRSLNLQGGPLVRAVLANLDDGSQRLLLAIHHLVVDGVSWRILFDDLQTAYRQLSAGEPLQLPAKTSAAKAWAEHLQSYARSAPLQQELAYWQQQLQGADVALPCDNPEGGQQNRHALTVRTQLNKALTRQLLQDAPAAYRTQVNDLLLTALARAMVRWTGADSTLIQLEGHGREELFDGVDLTRTVGWFTSLFPAK
BGC0000413	NZ_LIRD01000005	[223592:235946](-)	-	[231773:235805]	nrpspksdomains_ctg6_164_AMP-binding.1	['ser', 'thr', 'dhpg', 'hpg']	['ser']	ser	6.20E-124	404.6	EAQASRTPDNVALVFGDVTLSYAQLDAQANQLAQLLREQGVGPDVLVGIAVERSIEMVVGLLAILKAGGAYVPLDPEYPQERLAYMIEDSAIALLLTQSSLLPRLPTEGVNVITLDQPANWLDRYSAARVPVAMHSLNLAYVIYTSGSTGKPKGAGNSHAALVNRLCWMQQAYGLDGTDAVLQKTPFSFDVSVWEFFWPLMTGARLVVAAPGEHREPARLIDTIGRHQISTLHFVPSMLQAFIHEPGVEVCTSLKRIVCSGEALPLDAQLQVFSKLPKAGLYNLYGPTEAAIDVTHWTCVDEGADSVPIGQPIANLRTHVLDAQLLPVPAGVAGELYLGGAGLARSYHRRPGLTAERFVPCPFHDGARLYRTGDRVRQRADGVIEYLGRLDHQVKLRG
BGC0000413	NZ_LIRD01000005	[223592:235946](-)	-	[231773:235805]	nrpspksdomains_ctg6_164_Condensation_LCL.1	['ser', 'thr', 'dhpg', 'hpg']	['ser']	ser	6.20E-124	404.6	DRQALSYAQQRMWFLWQLDPQSGAYNLPGAVRLKGRLNLAALDQAFASLVARHETLRTVFQRQPDDSLQQVPASAPLVIEQVDFSELPVAEREHAVAQAAQQQSLLPFDLAVGPLLRVKLLKLAEQEHVLLLTLHHIVSDGWSMNVLIDEFIRCYDAHDAGAQPQLAPLPIQYSDYALWQRRWLEAGEQARQLEYWQAQLGDEHPVLELPIDHPRPAMPSYRGTRHEFAVDAQLAEQLRATAQKHNITLFMLLLGAFNALLHRYTGQTDIRVGVPIANRNRGEIEGLIGFFVNTQVLRTQLDG
BGC0000413	NZ_LIRD01000005	[223592:235946](-)	-	[231773:235805]	nrpspksdomains_ctg6_164_PCP.1	['ser', 'thr', 'dhpg', 'hpg']	['ser']	ser	6.20E-124	404.6	KALAAIWQDVLGVERIGLEDNFFELGGDSIISIQVVSRARQAGIRLSPRDLFQYQTVRSLALVATV
BGC0000413	NZ_LIRD01000005	[223592:235946](-)	-	[231773:235805]	nrpspksdomains_ctg6_164_Epimerization.1	['ser', 'thr', 'dhpg', 'hpg']	['ser']	ser	6.20E-124	404.6	TGAVLLTPVQHYFFEQPMAARGHWNQSLLLAPRETLKAQWLESALTRLINHHDALRMRFVEDAQGWQQSYAGEVTESGLWQRQADSAEVLAALCDEAQRSLDLQNGPLLRAMLVTLADGAQRLLLVIHHLAVDGVSWRVLLEDLQQAYTQLESGGAIVLPSKTSAYQAWAERLQQHEPALSEELAYWQQQTSAQALPCDRPDGRLDNRFGQKIEWRLDSELTRQLLQSAPAAYRTQVNDLLLTALTRVICRWSGQQTALIQLEGHGREDLFDELDLTRSVGWFTSLFPVSLQPAA
